year,total_payroll,payroll_db_legacy,payroll_db_new,payroll_dc_legacy,payroll_dc_new,pvfb_retire_current,liability_gain_loss_legacy,liability_gain_loss_new,total_liability_gain_loss,dr_legacy,dr_new,total_aal,aal_legacy,aal_new,total_ava,ava_legacy,ava_new,total_mva,mva_legacy,mva_new,roa,total_ual_ava,ual_ava_legacy,ual_ava_new,total_ual_mva,ual_mva_legacy,ual_mva_new,fr_ava,fr_mva,total_nc_rate,nc_rate_db_legacy,nc_rate_db_new,nc_rate_legacy,nc_rate_new,ee_nc_rate_legacy,ee_nc_rate_new,er_nc_rate_legacy,er_nc_rate_new,er_stat_rate,amo_rate_legacy,amo_rate_new,admin_exp_rate,er_dc_rate_legacy,er_dc_rate_new,nc_legacy,nc_new,total_ee_nc_cont,ee_nc_cont_legacy,ee_nc_cont_new,total_er_nc_cont,er_nc_cont_legacy,er_nc_cont_new,total_er_amo_cont,er_amo_cont_legacy,er_amo_cont_new,er_dc_cont_legacy,er_dc_cont_new,total_er_cont,total_er_db_cont,total_er_dc_cont,total_ben_payment,ben_payment_legacy,ben_payment_new,total_refund,refund_legacy,refund_new,disbursement_to_IP,admin_exp_legacy,admin_exp_new,total_solv_cont,solv_cont_legacy,solv_cont_new,total_er_cont_rate,total_er_cont_real,cum_er_cont_real,total_ual_mva_real,all_in_cost_real,net_cf_legacy,exp_inv_earnings_ava_legacy,alloc_inv_earnings_ava_legacy,exp_ava_legacy,net_reallocation_legacy,ava_base_legacy,unadj_ava_legacy,net_cf_new,exp_inv_earnings_ava_new,alloc_inv_earnings_ava_new,exp_ava_new,net_reallocation_new,ava_base_new,unadj_ava_new
2022,2396438000,2396438000,0,0,0,0,0,0,0,0.067,0.067,18213388000,18213388000,0,15009653000,15009653000,0,15097402000,15097402000,0,-0.0718,3203735000,3203735000,0,3115986000,3115986000,0,0.8240999972108429,0.8289178268205784,0.11175817686265885,0.11175817686265885,0,0.11175817686265885,0,0.03,0,0.08175817686265885,0,0.18185817686265884,0.1001,0,0,0,0,267821541.84439644,0,71893140,71893140,0,195928401.84439644,195928401.84439644,0,150027458.15560356,150027458.15560356,0,0,0,345955860,345955860,0,800797363.6310126,800797363.6310126,0,1900178.3874375052,1900178.3874375052,0,51494233.301982574,1508046.2921298144,0,0,0,0,0.14436253305948246,345955860,0,3115986000,0,-437850821.6125623,0,1053560000,0,-976495000,0,0,0,0,0,0,0,0,0
2023,2474322235,2474322234.9999995,0,0,0,0,0,0,0,0,0,18832432161.347103,18832432161.347103,0,15604560191.530739,15604560191.530739,0,15736247344.580166,15736247344.580166,0,0.067,3227871969.8163643,3227871969.8163643,0,3096184816.7669373,3096184816.7669373,0,0.8286003665293187,0.8355929393378224,0.11265067461952374,0.11265067461952374,0,0.11265067461952374,0,0.03,0.03,0.08265067461952375,-0.03,0,0.0894303698357538,0,0,0,0,278734068.9988377,0,0,74229667.04999998,0,0,204504401.94883773,0,0,221279552.56887886,0,0,0,425783954.5177166,425783954.5177166,0,859857222.7487835,859857222.7487835,0,946458.8449871589,946458.8449871589,0,0,0,0,0,0,0,0.1720810444552775,415804643.0837076,415804643.0837076,3023617985.123962,3439422628.2076693,-360790060.026054,0,1012503960.0646375,0,56806708.507844925,14829257969.986973,15661366900.038584,0,0,0,0,0,0,0
2024,2554737707.6375,2554737707.6375,0,0,0,0,0,0,0,0,0,19485909556.503445,19485909556.503445,0,16256669429.654667,16256669429.654667,0,16432786890.835958,16432786890.835958,0,0.067,3229240126.848778,3229240126.848778,0,3053122665.667486,3053122665.667486,0,0.8342781938156428,0.8433163893728275,0.1122247565652527,0.1122247565652527,0,0.1122247565652527,0,0.03,0.03,0.0822247565652527,-0.03,0,0.09492716916594075,0,0,0,0,286704817.3276901,0,0,76642131.229125,0,0,210062686.09856516,0,0,242514018.54751262,0,0,0,452576704.64607775,452576704.64607775,0,874289842.3464816,874289842.3464816,0,1302611.5033296668,1302611.5033296668,0,0,0,0,0,0,0,0.17715192573119345,431610779.4247415,847415422.5084491,2911684671.084868,3759100093.593317,-346373617.9746085,0,1050341792.6361297,0,51858936.537591934,15431373382.543434,16308528366.192259,0,0,0,0,0,0,0
2025,2637766683.1357183,2496836024.967529,140930658.1681892,0,0,0,0,0,0,0,0,20176985101.725155,20161326675.81409,15658425.911063919,16953550249.305582,16937885237.433784,15665011.8717982,17180415322.68736,17164756896.776297,15658425.91106392,0.067,3223434852.419572,3223441438.3803062,-6585.960734281689,2996569779.037794,2996569779.037794,-1.862645149230957e-9,0.8402419967022742,0.8514857515168812,0.11195580727512233,0.1120941875130841,0.10950415645778087,0.1120941875130841,0.10950415645778087,0.03,0.03,0.0820941875130841,0.07950415645778088,0,0.10124061502411796,0,0,0,0,279880805.5721337,15432492.841747424,0,74905080.74902587,4227919.745045676,0,204975724.82310784,11204573.096701749,0,252781214.78208658,0,0,0,468961512.7018962,468961512.7018962,0,888646896.3258548,888646896.3258548,0,1541544.271060065,1267888.7413414442,273655.5297186206,0,0,0,0,0,0,0.1777873364237072,436754443.4050994,1284169865.9135485,2790773081.6284137,4074942947.541962,-357252764.712976,0,1091517341.0222747,0,53048768.53017998,16078043047.29818,16990934005.963964,15158837.312028805,0,506174.55976939667,0,1.862645149230957e-9,7579418.656014402,15665011.871798202
2026,2723494100.3376293,2467142863.149166,256351237.1884634,0,0,0,0,0,0,0,0,20891673589.773487,20846450462.382294,45223127.39119512,17680004042.090317,17634763753.718643,45240288.37167253,17966627162.080616,17921404490.45382,45222671.626796216,0.067,3211669547.683173,3211686708.6636505,-17160.980477415025,2925046427.6928735,2925045971.9284744,455.76439890265465,0.8462703558007297,0.8599898464273974,0.11174806310261913,0.11195938529532506,0.10971428302307824,0.11195938529532508,0.10971428302307824,0.03,0.03,0.08195938529532508,0.07971428302307824,0,0.10684680378691043,-1.7211660486258364e-6,0,0,0,276219798.39392895,28125392.190211333,0,74014285.89447498,7690537.115653901,0,202205512.499454,20434855.07455743,0,263606329.41317537,-441.22304597201213,0,0,486246255.76414084,486246255.76414084,0,919418912.8390152,919418912.8390152,0,1766632.8511621682,1247025.9293821556,519606.92178001266,0,0,0,0,0,0,0.1785376570868508,442238393.3744102,1726408259.2879586,2660314228.4264984,4386722487.714457,-380839810.96129304,0,1134522712.9578218,0,56804385.71166992,16747465331.953138,17691568139.430313,27605344.04538535,0,1969929.8379041837,0,-2.616584800183773,29467683.894490875,45240285.75508773
2027,2812007658.5986023,2411382515.2472157,400625143.3513865,0,0,0,0,0,0,0,0,21635936689.912697,21541997920.064377,93938769.8483187,18445022808.150932,18351051342.75399,93971465.39694168,18799138744.99868,18705201664.848423,93937080.15025753,0.067,3190913881.7617636,3190946577.3103867,-32695.548622980714,2836797944.914015,2836796255.215954,1689.6980611681938,0.8525178767393297,0.8688849026704439,0.11123311129369576,0.11102180637215096,0.11250496604783408,0.11102180637215096,0.1125049660478341,0.03,0.03,0.08102180637215096,0.0825049660478341,0,0.11410856173931797,-2.90796164493402e-6,0,0,0,267716042.69696677,45072318.1506564,0,72341475.45741647,12018754.300541595,0,195374567.2395503,33053563.85011481,0,275159390.61819875,-1165.0025508620254,0,0,503586356.705313,503586356.705313,0,945178607.8957494,945178607.8957494,0,2175451.914600674,1331205.6291537075,844246.2854469665,0,0,0,0,0,0,0.17908427637650223,447274534.48106843,2173682793.769027,2519582715.7222924,4693265509.49132,-403634380.20973766,0,1178866086.1859744,0,58944116.940891266,17432946563.613773,18409995459.69488,44226906.862658575,0,4504058.986731857,0,-211.17587871849537,67353741.80300182,93971254.22106296
2028,2903397907.503057,2371881814.873487,531516092.62957007,0,0,0,0,0,0,0,0,22390045641.137424,22229490999.523647,160554641.61377883,19230352123.338207,19069746806.809017,160605316.5291896,19659987911.82681,19499437394.368446,160550517.45836237,0.067,3159693517.799219,3159744192.71463,-50674.915410757065,2730057729.3106174,2730053605.155201,4124.155416458845,0.8588795410048703,0.8780682374182098,0.11096651694888339,0.11071852895721045,0.11207315927996703,0.11071852895721045,0.11207315927996703,0.03,0.03,0.08071852895721045,0.08207315927996703,0,0.1211435639630267,-4.227881799968129e-6,0,0,0,262611265.40315104,59568687.70913951,0,71156454.4462046,15945482.7788871,0,191454810.95694643,43623204.93025241,0,287338216.3528661,-2247.1872144187337,0,0,522413985.05285054,522413985.05285054,0,994012543.7257369,994012543.7257369,0,1476037.3352226596,304726.1065730168,1171311.2286496428,0,0,0,0,0,0,0.1799319286215682,453121902.0248883,2626804695.7939157,2367947616.9035316,4994752312.697447,-444367788.0762927,0,1224134956.9159813,0,61071704.78466034,18128867448.715843,19130818511.593678,58395129.293275446,0,8238617.728707843,0,-104.11026459932327,123169030.0435794,160605212.418925
2029,2997758339.4969063,2271315075.174369,726443264.3225374,0,0,0,0,0,0,0,0,23181833284.960438,22929526315.173824,252306969.78661418,20066105894.155396,19813726345.15605,252379548.99934208,20578897826.003952,20326598906.635937,252298919.3680142,0.067,3115727390.8050447,3115799970.0177727,-72579.21272790432,2602935458.9564877,2602927408.5378876,8050.4185999929905,0.8655961609030112,0.8877165827671973,0.11038968754246463,0.11046290388921284,0.1101607675423962,0.11046290388921284,0.1101607675423962,0.03,0.03,0.08046290388921284,0.0801607675423962,0,0.13214716130668216,-4.864098734736111e-6,0,0,0,250896058.85110655,80025547.57377453,0,68139452.25523107,21793297.929676123,0,182756606.5958755,58232249.64409841,0,300147839.61736625,-3533.4917628488247,0,0,541133162.3655772,541133162.3655772,0,1014756271.0494823,1014756271.0494823,0,1910694.1077665589,296129.1823879248,1614564.9253786341,0,0,0,0,0,0,0.1805126034463445,458357617.3755547,3085162313.1694703,2204772093.3126383,5289934406.482109,-464008501.76339746,0,1270463704.5739086,0,62475664.46347809,18837742555.92732,19876202009.61953,78407449.15663305,0,13367102.1509849,0,318.8374654650688,199809041.1075061,252379867.83680755
2030,3095185485.5305557,2238352895.446364,856832590.0841918,0,0,0,0,0,0,0,0,24018921182.477444,23654137668.956425,364783513.5210179,20962054690.899406,20597176288.68305,364878402.2163596,21565463933.627308,21200694311.928837,364769621.69847035,0.067,3056866491.578035,3056961380.2733765,-94888.69534170628,2453457248.8501353,2453443357.027588,13891.82254755497,0.8727308995956022,0.8978531454343582,0.11018485512666688,0.11014972046380407,0.11027663942065812,0.11014972046380407,0.11027663942065812,0.03,0.03,0.08014972046380407,0.08027663942065812,0,0.14007918780747763,-5.990508083583363e-6,0,0,0,246553945.73276344,94488618.58058298,0,67150586.86339092,25704977.702525754,0,179403358.86937252,68783640.87805723,0,313546655.62064254,-5132.862557177021,0,0,561728522.5055151,561728522.5055151,0,1032005861.1204574,1032005861.1204574,0,2284328.754525193,318423.2169228872,1965905.5376023059,0,0,0,0,0,0,0.1814846073463114,464650943.3346191,3549813256.5040894,2029452269.9765208,5579265526.48061,-472223682.98397434,0,1319033144.0651176,0,63359517.55414581,19577614503.664066,20660535806.237194,92517580.1804235,0,19981606.29290484,0,333.25631082057953,298638339.08955383,364878735.47267044
2031,3195779013.810299,2215157312.8986254,980621700.9116733,0,0,0,0,0,0,0,0,24886101573.831215,24387509209.664757,498592364.1664581,21908367164.574512,21409658122.87168,498709041.7028294,22606556854.317368,22107986361.332413,498570492.9849532,0.067,2977734409.2567043,2977851086.7930756,-116677.53637135029,2279544719.513849,2279522848.332344,21871.18150484562,0.8803454851929112,0.9084008914473416,0.110018496654641,0.10986888547125373,0.11035645807917775,0.10986888547125373,0.11035645807917775,0.03,0.03,0.07986888547125373,0.08035645807917775,0,0.1478484487834094,-6.958563229562983e-6,0,0,0,243376865.11166924,108217937.62819105,0,66454719.386958756,29418651.0273502,0,176922145.72471046,78799286.60084087,0,327507572.5232872,-6823.718110075479,0,0,583222181.1307285,583222181.1307285,0,1067666500.0981264,1067666500.0981264,0,2339025.3047752995,0,2339025.3047752995,0,0,0,0,0,0,0.18249765663094392,471123126.0178015,4020936382.5218906,1841401559.989731,5862337942.5116215,-496782062.46317005,0,1369846532.2252092,0,60582635.57340622,20348785257.45146,21470240758.445087,105872088.6053057,0,27958944.766142678,0,393.88497853279114,417814446.51901245,498709435.58780795
2032,3299641831.7591333,2131567180.8964753,1168074650.862658,0,0,0,0,0,0,0,0,25789655799.230877,25125661693.938652,663994105.2922262,22906702277.083977,22242566357.768738,664135919.3152385,23710431600.553005,23046469665.161785,663961935.391219,0.067,2882953522.146902,2883095336.1699142,-141814.02301228046,2079224198.677874,2079192028.776867,32169.901007175446,0.8882127956809381,0.91937759019103,0.10969131141668488,0.10865590276769425,0.11158078234508383,0.10865590276769425,0.11158078234508383,0.03,0.03,0.07865590276769426,0.08158078234508383,0,0.16034885684933106,-7.321037755887227e-6,0,0,0,231607356.35029557,130334683.38071603,0,63947015.426894255,35042239.52587974,0,167660340.92340133,95292443.85483629,0,341794360.7543011,-8551.51862066031,0,0,604738594.013918,604738594.013918,0,1098854714.595582,1098836777.8597884,17936.73579353949,2532082.945173361,0,2532082.945173361,0,0,0,0,0,0,0.18327401119518316,477054634.6959012,4497991017.217792,1640218683.5264602,6138209700.744251,-525435060.7551918,0,1422596730.0146258,0,64253434.36237717,21146940592.494087,22306819792.131115,127776112.18112846,0,37650456.34981371,0,-309.08146691322327,562597097.7933936,664135610.2337716
2033,3406880191.291305,2074006554.0916998,1332873637.1996052,0,0,0,0,0,0,0,0,26720157264.071472,25860922467.52405,859234796.5474205,23954445040.80539,23095043365.802483,859401675.002906,24870215584.661568,24011026043.64494,859189541.0166267,0.067,2765712223.2660837,2765879101.721569,-166878.45548546314,1849941679.409906,1849896423.8791122,45255.53079378605,0.8964934152170982,0.9307660631961407,0.1095435646749982,0.10823729724166736,0.11157617087450021,0.10823729724166736,0.11157617087450022,0.03,0.03,0.07823729724166736,0.08157617087450023,0,0.17205398252255638,-7.93887136806737e-6,0,0,0,224484863.87638956,148716936.69829977,0,62220196.62275099,39986209.11598816,0,162264667.2536386,108730727.58231162,0,356841087.4093607,-10581.512355615761,0,0,627825900.7329553,627825900.7329553,0,1142466280.0352716,1142392030.1072345,74249.92803714237,2699440.560139099,0,2699440.5601390987,0,0,0,0,0,0,0.18428176674301874,483659480.83339465,4981650498.051187,1425143230.2982197,6406793728.349406,-561066078.8214842,0,1476590843.494102,0,63047756.638874054,21962033318.357994,23158091122.441357,145932664.6977679,0,49332779.49958414,0,-311.4903153181076,737102251.6641225,859401363.5125906
2034,3517603797.508272,1961939150.8953035,1555664646.6129687,0,0,0,0,0,0,0,0,27709112968.076385,26617056233.6125,1092056734.4638877,25087728469.5756,23995478389.35201,1092250080.22359,26119821911.738983,25027826583.795147,1091995327.943835,0.067,2621384498.500788,2621577844.2604904,-193345.75970220566,1589291056.337405,1589229649.8173523,61406.52005267143,0.9053963040418913,0.9426437411342463,0.10934040319935596,0.10800466611177988,0.11102497891631664,0.10800466611177988,0.11102497891631664,0.03,0.03,0.07800466611177988,0.08102497891631665,0,0.18978096102901165,-8.163909718587766e-6,0,0,0,211898582.92407617,172717634.59106404,0,58858174.526859105,46669939.39838906,0,153040408.39721707,126047695.19267496,0,372338697.5373538,-12700.305727347019,0,0,651414100.8215185,651414100.8215185,0,1157463000.8378024,1157289450.3224685,173550.5153337344,2882404.0602308423,0,2882404.0602308423,0,0,0,0,0,0,0.185186888097788,490069501.1594719,5471719999.210658,1195649701.4636831,6667369700.674341,-573052169.8610386,0,1532779208.871753,0,59292015.46118927,22808517280.871964,24054770404.813198,169648979.7097721,0,63199455.707468875,0,30.19655704498291,944226164.857792,1092250110.420147
2035,3631925920.927291,1918506634.8035789,1713419286.123712,0,0,0,0,0,0,0,0,28764754832.054043,27406202303.909668,1358552528.144375,26319215377.920635,24960445102.7221,1358770275.198536,27469881182.640423,26111409686.201412,1358471496.4390094,0.067,2445539454.1334076,2445757201.1875687,-217747.05416083336,1294873649.4136214,1294792617.7082558,81031.7053656578,0.9149813906493576,0.9549840192633703,0.10925866214092914,0.10750203615122161,0.1112255470963019,0.10750203615122161,0.1112255470963019,0.03,0.03,0.07750203615122161,0.0812255470963019,0,0.20230529216232362,-8.763800735247582e-6,0,0,0,206243369.61101285,190575997.50446492,0,57555199.04410736,51402578.58371136,0,148688170.5669055,139173418.92075357,0,388124045.2692943,-15016.065199518376,0,0,675970618.691754,675970618.691754,0,1169128906.7373993,1168719807.3422165,409099.3951827507,3007115.7416006527,0,3007115.7416006527,0,0,0,0,0,0,0.18611905457564165,496624777.246252,5968344776.45691,951322912.4464693,6919667688.903379,-574352392.4619093,0,1592615936.9315534,0,53296831.099552155,23708302193.121056,25013741933.82165,187144766.30248198,0,79375396.5965613,0,-32.07590293884277,1185822463.374831,1358770243.122633
2036,3749963513.3574276,1888065834.4191096,1861897678.9383178,0,0,0,0,0,0,0,0,29867974551.21826,28208011781.004147,1659962770.214115,27685219237.525856,26025017233.480488,1660202004.0453672,28913151635.124527,27253293206.35841,1659858428.7661161,0.067,2182755313.6924067,2182994547.5236588,-239233.8312523365,954822916.0937355,954718574.6457367,104341.44799876213,0.9269198750002492,0.9680318826287875,0.10921048056496882,0.10704876901792995,0.11140257401994358,0.10704876901792995,0.11140257401994358,0.03,0.03,0.07704876901792995,0.08140257401994358,0,0.21885206904350427,-9.297036026539895e-6,0,0,0,202115123.39937645,207420193.9954871,0,56641975.03257328,55856930.368149534,0,145473148.36680314,151563263.62733755,0,413207114.35297245,-17310.12979882055,0,0,710226216.2173144,710226216.2173144,0,1204252760.3840456,1203518044.0334368,734716.3506089288,3010746.9081248483,0,3010746.9081248483,0,0,0,0,0,0,0.18939550043286493,509562319.9275764,6477907096.384486,685051845.6444389,7162958942.028925,-588195806.2810879,0,1656420899.0385532,0,3652961.9990730286,24666347199.581554,26028670195.47956,203657420.60695451,0,97774223.92524077,0,-84.31463599205017,1460598985.5020132,1660201919.7307312
2037,3871837327.541544,1764597621.114998,2107239706.4265456,0,0,0,0,0,0,0,0,31030642701.159378,29020545849.53681,2010096851.6225662,29161727467.021294,27151367981.14178,2010359485.879514,30452537055.4283,28442571712.590424,2009965342.8378754,0.067,1868915234.1380832,1869177868.395031,-262634.2569477558,578105645.7310791,577974136.9463882,131508.78469085693,0.9397719456816711,0.9813698462098086,0.10908348167857533,0.10578745885373189,0.11184356351365166,0.10578745885373189,0.11184356351365166,0.03,0.03,0.07578745885373189,0.08184356351365166,0,0.24178289852228832,-9.269340013374212e-6,0,0,0,186672298.23709604,235681197.94420603,0,52937928.63344994,63217191.192796364,0,133734369.6036461,172464006.75140965,0,426649527.558719,-19532.721328550506,0,0,732828371.1924462,732828371.1924462,0,1230873357.8624566,1229700036.582286,1173321.280170785,3214033.698477695,0,3214033.698477695,0,0,0,0,0,0,0.18927147738868508,513455635.5828158,6991362731.967302,405049276.79023385,7396412008.757536,-616378210.7864709,0,1726484596.7116578,0,-16244361.736106873,25716828128.087254,27135123619.405674,231274310.24422896,0,118882670.49100587,0,-501.0989120006561,1775839159.1674817,2010358984.780602
2038,3997672040.686644,1686677218.8797612,2310994821.8068833,0,0,0,0,0,0,0,0,32256356385.859226,29850060333.51,2406296052.349229,30761065503.223106,28354486019.120193,2406579484.1029124,32093188374.757824,29687055380.879784,2406132993.878041,0.067,1495290882.6361213,1495574314.3898048,-283431.75368356705,163168011.10140276,163004952.6302147,163058.4711880684,0.9536435279685949,0.9949415237992307,0.10916454649460966,0.10561274711520491,0.11175682365713022,0.10561274711520491,0.11175682365713022,0.03,0.03,0.07561274711520491,0.08175682365713022,0,0.2604044022664056,-9.52538416792806e-6,0,0,0,178134614.58252534,258269440.77321294,0,50600316.56639283,69329844.6542065,0,127534298.0161325,188939596.11900643,0,439218172.9987476,-22013.113487803013,0,0,755670054.0203987,755670054.0203987,0,1259128192.5340183,1257426563.371427,1701629.162591311,3389090.9594012345,0,3389090.9594012345,0,0,0,0,0,0,0.1890275256022763,517050432.7319512,7508413164.699253,111644083.68326676,7620057248.38252,-640073775.7901541,0,1800890840.2608263,0,-42300973.50774002,26831331093.246704,28312185045.612453,253156707.53773257,0,143063226.121812,0,-64.5638542175293,2136937839.6483803,2406579419.539058
2039,4127596382.00896,1576031069.8816948,2551565312.1272655,0,0,0,0,0,0,0,0,33573174960.24698,30717864280.37343,2855310679.8735523,32522110638.003086,29666497520.48881,2855613117.514274,33864363763.917942,31009252340.118473,2855111423.79947,0.067,1051064322.243895,1051366759.8846169,-302437.64072179794,-291188803.67096233,-291388059.7450447,199256.07408237457,0.9686933296154318,1.008673257861842,0.10928113196580164,0.10567172209780892,0.11151056425540723,0.10567172209780892,0.11151056425540724,0.03,0.03,0.07567172209780892,0.08151056425540724,0,0.2858245023821049,-9.588760930079902e-6,0,0,0,166541917.23405093,284526487.68983567,0,47280932.09645084,76546959.36381796,0,119260985.13760008,207979528.3260177,0,450468296.2876718,-24466.349775473052,0,0,777684343.4015142,777684343.4015142,0,1264968617.9382303,1262570292.4795601,2398325.4586699572,3517519.08365821,0,3517519.08365821,0,0,0,0,0,0,0.18841094705655406,519641817.1586967,8028054981.85795,-194569789.60642818,7833485192.251522,-645560078.9578373,0,1881093317.2963085,0,-76478263.03014755,28031705979.641273,29590019257.458664,278586176.797732,0,170448061.5747874,0,604.9611577987671,2545872572.5017786,2855613722.475432
2040,4261743264.424251,1518487186.7436132,2743256077.6806383,0,0,0,0,0,0,0,0,34990807249.2319,31635305584.258938,3355501664.9729686,34466536710.529305,31110718246.97132,3355818463.5579805,35776441236.99909,32421180022.340103,3355261214.6589856,0.067,524270538.7026048,524587337.28761673,-316798.5850119591,-785633987.7671824,-785874438.0811653,240450.31398296356,0.9850169064415024,1.0224525825360726,0.10936099722021671,0.10540421509710977,0.11155121307485684,0.10540421509710977,0.11155121307485684,0.03,0.03,0.07540421509710978,0.08155121307485684,0,0.3028076087711416,-9.826171933161903e-6,0,0,0,160054950.0537289,306013543.2402489,0,45554615.60230839,82297682.33041915,0,114500334.45142052,223715860.90982977,0,459809473.96745145,-26955.705875981297,0,0,797998713.6228257,797998713.6228257,0,1267671295.3789816,1264317460.9610562,3353834.4179253187,3629649.2320793304,0,3629649.2320793304,0,0,0,0,0,0,0.18724701703274305,520718457.1460098,8548773439.00396,-512650097.0588691,8036123341.94509,-644453036.9398758,0,1968848821.06249,0,-119824942.35989761,29344271002.018875,30990893304.611423,299003103.8843683,0,201203364.82686082,0,1122.667522907257,3005114669.456458,3355819586.2255034
2041,4400249920.518039,1478246078.9734907,2922003841.544548,0,0,0,0,0,0,0,0,36499152260.34962,32590323502.003555,3908828758.346059,36236397491.13156,32327243110.314667,3909154380.816891,37542385963.85009,33633844033.423717,3908541930.4263744,0.067,262754769.2180562,263080391.68888855,-325622.47083234787,-1043233703.5004778,-1043520531.4201622,286827.9196844101,0.9928010719990477,1.0285824091490963,0.10943674766874571,0.10512668857103429,0.11161721296134716,0.10512668857103429,0.11161721296134715,0.03,0.03,0.07512668857103429,0.08161721296134715,0,0.13424837552126281,-1.002796065540161e-5,0,0,0,155403115.1755987,326145925.0555523,0,44347382.36920472,87660115.24633645,0,111055732.806394,238485809.80921584,0,198452134.72286752,-29301.739557941088,0,0,547964375.5989194,547964375.5989194,0,1287265433.335076,1282795296.8588157,4470136.476260341,3648506.666438467,0,3648506.666438467,0,0,0,0,0,0,0.12453028475582766,349183045.7421532,8897956484.746113,-664786869.7869446,8233169614.959168,-928940046.9603494,0,2055971949.6009111,0,-89492960.70278549,30646248223.491146,32237750149.61188,317997980.17329556,0,235339591.65493327,0,1654.5693182945251,3514817453.6446285,3909156035.3862095
2042,4543258042.934875,1351510521.9610915,3191747520.9737835,0,0,0,0,0,0,0,0,38112022826.57698,33583192194.504185,4528830632.072796,38162293410.87834,33633129916.449436,4529163494.428909,39394466834.98502,34865974735.786415,4528492099.198607,0.067,-50270584.3013649,-49937721.945251465,-332862.35611343384,-1282444008.408042,-1282782541.2822304,338532.87418842316,1.0013190216780177,1.0336493293531968,0.1095540064404057,0.10462771308912931,0.11163999139214956,0.10462771308912931,0.11163999139214956,0.03,0.03,0.07462771308912931,0.08163999139214956,0,0.12130358784625396,-9.853836174956565e-6,0,0,0,141405455.1286845,356326665.76742786,0,40545315.658832744,95752425.6292135,0,100860139.46985175,260574240.13821438,0,163943075.3258438,-31450.957183499406,0,0,525346003.9767265,525346003.9767265,0,1299905255.3500798,1294099200.9036925,5806054.44638734,3835924.1430232334,0,3835924.1430232334,0,0,0,0,0,0,0.11563199778926954,326923620.89104676,9224880105.63716,-798066865.7324724,8426813239.904687,-988750670.4491642,0,2135390674.683386,0,-159246801.90054703,31832867775.090084,33473883114.54889,346653236.2208338,0,273358220.07964766,0,2342.6884632110596,4082480998.927308,4529165837.1173725
2043,4690913929.330257,1272265461.764365,3418648467.5658927,0,0,0,0,0,0,0,0,39845625716.59983,34631724782.74736,5213900933.852472,39946781327.75348,34732546175.22173,5214235152.531743,41268507883.33611,36055002946.84872,5213504936.487395,0.067,-101155611.15364361,-100821392.47437286,-334218.6792707443,-1422882166.7362795,-1423278164.1013565,395997.36507701874,1.0025386879822922,1.0357098713132644,0.10975533882176779,0.10538280187497653,0.11138259818770428,0.10538280187497653,0.11138259818770428,0.03,0.03,0.07538280187497653,0.08138259818770428,0,0.0415076722877299,-9.849807399676587e-6,0,0,0,134074899.08948961,380777948.6079028,0,38167963.85293095,102559454.02697678,0,95906935.23655866,278218494.58092606,0,52808777.84991261,-33673.02897272355,0,0,426900534.63842463,426900534.63842463,0,1304589395.7479212,1297280512.724145,7308883.023776334,4006756.181992454,0,4006756.181992454,0,0,0,0,0,0,0.09100583405915852,259434428.63105515,9484314534.268215,-864708736.5425808,8619605797.725634,-1110396835.7847428,0,2218789614.453587,0,8976519.89654541,33077931498.557064,34741522695.11828,369428636.37316126,0,315646959.2375707,0,3937.5078983306885,4713877812.61549,5214239090.039641
2044,4843368632.03349,1187014705.2880924,3656353926.745398,0,0,0,0,0,0,0,0,41722835694.35168,35753621697.29706,5969213997.054619,41812961950.52,35843418341.60863,5969543608.911371,43271541683.92113,37302787086.86091,5968754597.060218,0.067,-90126256.16832161,-89796644.31156921,-329611.85675239563,-1548705989.5694494,-1549165389.5638504,459399.9944009781,1.0021601181863227,1.037118905361917,0.10996298374872217,0.1064318523127788,0.11110934567777667,0.1064318523127788,0.11110934567777667,0.03,0.03,0.0764318523127788,0.08110934567777667,0,0.024897411054764704,-9.762300960288597e-6,0,0,0,126336173.8063189,406255092.3670505,0,35610441.15864277,109690617.80236194,0,90725732.64767613,296564474.5646886,0,29553593.045608018,-35694.427450221585,0,0,416808105.83052254,416808105.83052254,0,1295683988.4068532,1286528454.7144191,9155533.692433992,4070873.254607128,0,4070873.2546071275,0,0,0,0,0,0,0.08605748137232443,247364350.36847153,9731678884.636686,-919115165.1387918,8812563719.497894,-1130638687.862492,0,2291770700.0199714,0,50259845.77058411,34167226831.290485,35893678187.37921,392992990.99255913,0,362321229.2874994,0,5763.900430679321,5410731648.028023,5969549372.811802
2045,5000778112.574578,1132942815.0759935,3867835297.4985847,0,0,0,0,0,0,0,0,43753656228.89594,36957070999.26747,6796585229.628473,43834182984.89402,37037280260.77622,6796902724.117796,45435794003.999275,38639737706.3919,6796056297.607373,0.067,-80526755.99807358,-80209261.50875092,-317494.48932266235,-1682137775.1033278,-1682666707.1244278,528932.0211000443,1.0018404577568742,1.0384456504915447,0.11010282011156468,0.10705173643087032,0.11099652500548139,0.10705173643087032,0.11099652500548139,0.03,0.03,0.07705173643087032,0.08099652500548139,0,0.02538470108767024,-9.69943605321259e-6,0,0,0,121283495.63076352,429316277.31588525,0,33988284.452279806,116035058.92495754,0,87295211.17848371,313281218.3909277,0,28759414.71012776,-37515.82113244601,0,0,429298328.45840675,429298328.45840675,0,1286656399.516274,1275294207.8616111,11362191.654662877,4157647.2909276113,0,4157647.290927611,0,0,0,0,0,0,0.08584630607363396,248805625.0621485,9980484509.698835,-974905590.8932679,9005578918.805567,-1125251297.5207198,0,2366391166.8525715,0,47277950.164253235,35280792692.84827,37084558210.940475,413758922.5491623,0,413607850.22141,0,7657.564146995544,6176423070.185952,6796910381.681943
2046,5163303401.233252,1096491638.7033563,4066811762.5298953,0,0,0,0,0,0,0,0,45944438562.42351,38245020431.31238,7699418131.111128,46016703999.8841,38316988671.210434,7699715328.673668,47768224216.99425,40069410782.95496,7698813434.039288,0.067,-72265437.46059608,-71968239.89805603,-297197.5625400543,-1823785654.5707455,-1824390351.6425858,604697.0718402863,1.0015728875947065,1.0396954606832949,0.11021865770324596,0.10751928324224765,0.11094646161919922,0.10751928324224765,0.11094646161919922,0.03,0.03,0.07751928324224765,0.08094646161919922,0,0.025590890480914175,-9.59964966930576e-6,0,0,0,117893995.07450244,451198375.12403095,0,32894749.161100686,122004352.87589686,0,84999245.91340175,329194022.2481341,0,28060197.439295705,-39039.96819129888,0,0,442214425.63264024,442214425.63264024,0,1281982285.1936493,1268159123.3753958,13823161.818253478,4189973.7907195017,0,4189973.790719501,0,0,0,0,0,0,0.08564564025561962,250284495.15980434,10230769004.858639,-1032226099.7725358,9198542905.086103,-1122204930.8615975,0,2446516427.333237,0,44603086.03742981,36476177795.34542,38361591757.24786,433146199.54686666,0,469676042.8403441,0,9637.831338882446,7013475823.89123,7699724966.505007
2047,5331110761.773332,1009457353.1688625,4321653408.604469,0,0,0,0,0,0,0,0,48317597340.40801,39623823282.72927,8693774057.678741,48382716299.15241,39688665274.44172,8694051024.710691,50291134214.706024,41598046027.90501,8693088186.80102,0.067,-65118958.74439812,-64841991.71244812,-276967.03194999695,-1973536874.2980137,-1974222745.1757355,685870.8777217865,1.0013477275843339,1.0408450954296011,0.11079387307608754,0.10545681058575405,0.11204051098658313,0.10545681058575405,0.11204051098658313,0.03,0.03,0.07545681058575406,0.08204051098658313,0,0.026467395131327145,-9.108054895841965e-6,0,0,0,106454152.88752536,484200256.20695347,0,30283720.595065873,129649602.25813407,0,76170432.29245949,354550653.9488194,0,26717706.634543937,-39361.85648637205,0,0,457399431.01933646,457399431.01933646,0,1268952043.635759,1252303988.2235007,16648055.412258487,4323868.422568294,0,4323868.422568294,0,0,0,0,0,0,0.08579814816437764,252811429.33038604,10483580434.189024,-1090803014.1524398,9392777420.036585,-1119132128.7014315,0,2532412523.812015,0,41603791.87929535,37757422606.85972,39730269066.321014,463188970.51564026,0,531155121.986083,0,8396.464698791504,7931309813.931488,8694059421.17539
2048,5504371861.530965,969959470.0194155,4534412391.511549,0,0,0,0,0,0,0,0,50892340068.76427,41114857235.741455,9777482833.022808,50951269125.13145,41173535854.6239,9777733270.507547,53023257925.18829,43246547498.18468,9776710427.003613,0.067,-58929056.36718559,-58678618.88244629,-250437.4847393036,-2130917856.4240265,-2131690262.443222,772406.0191955566,1.001157916029948,1.0418710920650296,0.11109004473136398,0.10521827324253863,0.11234607966370451,0.10521827324253863,0.11234607966370451,0.03,0.03,0.07521827324253863,0.08234607966370451,0,0.025146153115425302,-8.664190699550894e-6,0,0,0,102057460.55069081,509423455.7648454,0,29098784.100582466,136032371.74534646,0,72958676.45010835,373391084.0194989,0,24390749.348865,-39287.01367046269,0,0,470701222.80480176,470701222.80480176,0,1248433964.287684,1228689349.6657197,19744614.62196422,4444749.148899213,0,4444749.148899213,0,0,0,0,0,0,0.08551406675381898,254065943.70195818,10737646377.890982,-1150185361.5711515,9587461016.31983,-1102241139.7661638,0,2624945770.7964263,0,37834050.84807587,39137544704.55864,41211369905.47198,485194804.9803115,0,598497218.0318632,0,9777.21531867981,8936648427.200848,9777743047.722866
2049,5683263947.030721,935732936.8562902,4747531010.174431,0,0,0,0,0,0,0,0,53658896609.702576,42702889000.49408,10956007609.2085,53712489879.96967,42756264568.76924,10956225311.200434,55954487223.03934,44999343248.44686,10955143974.592474,0.067,-53593270.267095566,-53375568.27516174,-217701.99193382263,-2295590613.3367558,-2296454247.9527817,863634.6160259247,1.0009987769718212,1.0427811743881754,0.11135213325196698,0.10501848344350752,0.11260048839142531,0.10501848344350752,0.11260048839142531,0.03,0.03,0.07501848344350752,0.08260048839142531,0,0.02269954247558497,-8.050047653073901e-6,0,0,0,98269253.93678698,534574310.39907765,0,28071988.105688706,142425930.3052329,0,70197265.83109827,392148380.0938448,0,21240709.54597323,-38217.85086635024,0,0,483548137.6200499,483548137.6200499,0,1251084965.361064,1227710033.7744298,23374931.5866342,4466313.871211405,0,4466313.871211405,0,0,0,0,0,0,0.08508282249897695,254883009.09355187,10992529386.984533,-1210028532.1209013,9782500854.863632,-1108200070.2916696,0,2724314915.444822,0,33386131.0078125,40619435819.478065,42789650699.777054,506694847.09036565,0,671808868.2017425,0,11674.599222183228,10031080694.05273,10956236985.799656
2050,5867970025.309219,816088749.475937,5051881275.833282,0,0,0,0,0,0,0,0,56633460319.85766,44389640251.72776,12243820068.1299,56682491317.70204,44438490128.22062,12244001189.481422,59100610603.32215,46857749645.93277,12242860957.389381,0.067,-49030997.84438133,-48849876.49285889,-181121.35152244568,-2467150283.464491,-2468109394.2050095,959110.74051857,1.0008657602337463,1.0435634741287285,0.11187352155243983,0.10817544581537566,0.11247091445202458,0.10817544581537566,0.11247091445202459,0.03,0.03,0.07817544581537567,0.08247091445202459,0,0.021106807043371468,-7.207722707511186e-6,0,0,0,88280764.29947191,568189706.7960299,0,24482662.48427811,151556438.27499846,0,63798101.8151938,416633268.5210315,0,17225027.765454922,-36412.55938747413,0,0,497619985.5422928,497619985.5422928,0,1252634268.4874136,1225155195.6317399,27479072.855673607,4618626.603901513,0,4618626.603901513,0,0,0,0,0,0,0.08480274837737777,256152753.32491985,11248682140.309454,-1269979816.600583,9978702323.70887,-1119649403.566813,0,2830079071.7726645,0,28204108.754478455,42196439866.98583,44466694236.9751,536055594.7770674,0,751735852.774162,0,15569.270240783691,11224253108.588968,12244016758.751663
2051,6058679051.131769,729678750.7391429,5329000300.392626,0,0,0,0,0,0,0,0,59828485068.65046,46183324013.998436,13645161054.652023,59873677087.55444,46228376606.44558,13645300481.108862,62473694406.61344,48829591618.490845,13644102788.122599,0.067,-45192018.90398216,-45052592.447143555,-139426.4568386078,-2645209337.962984,-2646267604.4924088,1058266.5294246674,1.0007553595724867,1.0442132093922774,0.11226753142984378,0.11101285212744763,0.11243932966109613,0.11101285212744762,0.11243932966109613,0.03,0.03,0.08101285212744762,0.08243932966109613,0,0.01697549073595273,-6.339278682644065e-6,0,0,0,81003719.25634518,599189221.5399268,0,21890362.522174288,159870009.01177877,0,59113356.73417089,439319212.528148,0,12386654.87339388,-33782.01800408279,0,0,510785442.11770874,510785442.11770874,0,1255741473.710853,1223763994.1062741,31977479.604579113,4743907.778536796,0,4743907.778536796,0,0,0,0,0,0,0.08430640372381061,256767331.94949147,11505449472.258945,-1329723379.234673,10175726093.024273,-1130373619.976535,0,2942565971.973572,0,22305873.772079468,43873303318.23235,46250682480.21766,562434052.1388068,0,838885071.1285702,0,19831.639938354492,12525218215.550825,13645320312.7488
2052,6255586120.293551,598305407.3259937,5657280712.967558,0,0,0,0,0,0,0,0,63279022414.25427,48100328890.20224,15178693524.052032,63321004582.44693,48142210295.97407,15178794286.472858,66108390447.38479,50930857731.31509,15177532716.069702,0.067,-41982168.192653656,-41881405.7718277,-100762.42082595825,-2829368033.130516,-2830528841.1128464,1160807.9823303223,1.000663445271291,1.044712574960595,0.11314148017729216,0.11071384141762707,0.11339822356172638,0.11071384141762707,0.11339822356172638,0.03,0.03,0.08071384141762707,0.08339822356172638,0,0.011263818836524584,-5.413941137547089e-6,0,0,0,66240689.98599883,641525583.040538,0,17949162.219779808,169718421.38902673,0,48291527.76621902,471807161.6515112,0,6739203.717033042,-30628.184778586787,0,0,526807264.94998467,526807264.94998467,0,1242983202.3558683,1205956983.2351272,37026219.12074108,4951922.652803641,0,4951922.652803641,0,0,0,0,0,0,0.08421389376144718,258614610.1837336,11764064082.442678,-1388963212.2363288,10375100870.20635,-1132977089.5320954,0,3062563131.448314,0,15752352.38772583,45661888061.679535,48157962648.36179,599516813.0822146,0,933997172.3869127,0,20180.105131149292,13945058887.64997,15178814466.57799
