yos,age,withdrawal_rate
0,18,0.01
0,19,0.01
0,20,0.01
0,21,0.01
0,22,0.01
0,23,0.01
0,24,0.01
0,25,0.01
0,26,0.01
0,27,0.01
0,28,0.01
0,29,0.01
0,30,0.01
0,31,0.01
0,32,0.01
0,33,0.01
0,34,0.01
0,35,0.01
0,36,0.01
0,37,0.01
0,38,0.01
0,39,0.01
0,40,0.01
0,41,0.01
0,42,0.01
0,43,0.01
0,44,0.01
0,45,0.01
0,46,0.01
0,47,0.01
0,48,0.01
0,49,0.01
0,50,0.01
0,51,0.01
0,52,0.01
0,53,0.01
0,54,0.01
0,55,0.01
0,56,0.01
0,57,0.01
0,58,0.01
0,59,0.01
0,60,0.01
0,61,0.01
0,62,0.01
0,63,0.01
0,64,0.01
0,65,0.01
0,66,0.01
0,67,0.01
0,68,0.01
0,69,0.01
0,70,0.01
0,71,0.01
0,72,0.01
0,73,0.01
0,74,0.01
0,75,0.01
0,76,0.01
0,77,0.01
0,78,0.01
0,79,0.01
0,80,0.01
0,81,0.01
0,82,0.01
0,83,0.01
0,84,0.01
0,85,0.01
0,86,0.01
0,87,0.01
0,88,0.01
0,89,0.01
0,90,0.01
0,91,0.01
0,92,0.01
0,93,0.01
0,94,0.01
0,95,0.01
0,96,0.01
0,97,0.01
0,98,0.01
0,99,0.01
0,100,0.01
0,101,0.01
0,102,0.01
0,103,0.01
0,104,0.01
0,105,0.01
0,106,0.01
0,107,0.01
0,108,0.01
0,109,0.01
0,110,0.01
0,111,0.01
0,112,0.01
0,113,0.01
0,114,0.01
0,115,0.01
0,116,0.01
0,117,0.01
0,118,0.01
0,119,0.01
0,120,0.01
1,18,0.01
1,19,0.01
1,20,0.01
1,21,0.01
1,22,0.01
1,23,0.01
1,24,0.01
1,25,0.01
1,26,0.01
1,27,0.01
1,28,0.01
1,29,0.01
1,30,0.01
1,31,0.01
1,32,0.01
1,33,0.01
1,34,0.01
1,35,0.01
1,36,0.01
1,37,0.01
1,38,0.01
1,39,0.01
1,40,0.01
1,41,0.01
1,42,0.01
1,43,0.01
1,44,0.01
1,45,0.01
1,46,0.01
1,47,0.01
1,48,0.01
1,49,0.01
1,50,0.01
1,51,0.01
1,52,0.01
1,53,0.01
1,54,0.01
1,55,0.01
1,56,0.01
1,57,0.01
1,58,0.01
1,59,0.01
1,60,0.01
1,61,0.01
1,62,0.01
1,63,0.01
1,64,0.01
1,65,0.01
1,66,0.01
1,67,0.01
1,68,0.01
1,69,0.01
1,70,0.01
1,71,0.01
1,72,0.01
1,73,0.01
1,74,0.01
1,75,0.01
1,76,0.01
1,77,0.01
1,78,0.01
1,79,0.01
1,80,0.01
1,81,0.01
1,82,0.01
1,83,0.01
1,84,0.01
1,85,0.01
1,86,0.01
1,87,0.01
1,88,0.01
1,89,0.01
1,90,0.01
1,91,0.01
1,92,0.01
1,93,0.01
1,94,0.01
1,95,0.01
1,96,0.01
1,97,0.01
1,98,0.01
1,99,0.01
1,100,0.01
1,101,0.01
1,102,0.01
1,103,0.01
1,104,0.01
1,105,0.01
1,106,0.01
1,107,0.01
1,108,0.01
1,109,0.01
1,110,0.01
1,111,0.01
1,112,0.01
1,113,0.01
1,114,0.01
1,115,0.01
1,116,0.01
1,117,0.01
1,118,0.01
1,119,0.01
1,120,0.01
2,18,0.01
2,19,0.01
2,20,0.01
2,21,0.01
2,22,0.01
2,23,0.01
2,24,0.01
2,25,0.01
2,26,0.01
2,27,0.01
2,28,0.01
2,29,0.01
2,30,0.01
2,31,0.01
2,32,0.01
2,33,0.01
2,34,0.01
2,35,0.01
2,36,0.01
2,37,0.01
2,38,0.01
2,39,0.01
2,40,0.01
2,41,0.01
2,42,0.01
2,43,0.01
2,44,0.01
2,45,0.01
2,46,0.01
2,47,0.01
2,48,0.01
2,49,0.01
2,50,0.01
2,51,0.01
2,52,0.01
2,53,0.01
2,54,0.01
2,55,0.01
2,56,0.01
2,57,0.01
2,58,0.01
2,59,0.01
2,60,0.01
2,61,0.01
2,62,0.01
2,63,0.01
2,64,0.01
2,65,0.01
2,66,0.01
2,67,0.01
2,68,0.01
2,69,0.01
2,70,0.01
2,71,0.01
2,72,0.01
2,73,0.01
2,74,0.01
2,75,0.01
2,76,0.01
2,77,0.01
2,78,0.01
2,79,0.01
2,80,0.01
2,81,0.01
2,82,0.01
2,83,0.01
2,84,0.01
2,85,0.01
2,86,0.01
2,87,0.01
2,88,0.01
2,89,0.01
2,90,0.01
2,91,0.01
2,92,0.01
2,93,0.01
2,94,0.01
2,95,0.01
2,96,0.01
2,97,0.01
2,98,0.01
2,99,0.01
2,100,0.01
2,101,0.01
2,102,0.01
2,103,0.01
2,104,0.01
2,105,0.01
2,106,0.01
2,107,0.01
2,108,0.01
2,109,0.01
2,110,0.01
2,111,0.01
2,112,0.01
2,113,0.01
2,114,0.01
2,115,0.01
2,116,0.01
2,117,0.01
2,118,0.01
2,119,0.01
2,120,0.01
3,18,0.01
3,19,0.01
3,20,0.01
3,21,0.01
3,22,0.01
3,23,0.01
3,24,0.01
3,25,0.01
3,26,0.01
3,27,0.01
3,28,0.01
3,29,0.01
3,30,0.01
3,31,0.01
3,32,0.01
3,33,0.01
3,34,0.01
3,35,0.01
3,36,0.01
3,37,0.01
3,38,0.01
3,39,0.01
3,40,0.01
3,41,0.01
3,42,0.01
3,43,0.01
3,44,0.01
3,45,0.01
3,46,0.01
3,47,0.01
3,48,0.01
3,49,0.01
3,50,0.01
3,51,0.01
3,52,0.01
3,53,0.01
3,54,0.01
3,55,0.01
3,56,0.01
3,57,0.01
3,58,0.01
3,59,0.01
3,60,0.01
3,61,0.01
3,62,0.01
3,63,0.01
3,64,0.01
3,65,0.01
3,66,0.01
3,67,0.01
3,68,0.01
3,69,0.01
3,70,0.01
3,71,0.01
3,72,0.01
3,73,0.01
3,74,0.01
3,75,0.01
3,76,0.01
3,77,0.01
3,78,0.01
3,79,0.01
3,80,0.01
3,81,0.01
3,82,0.01
3,83,0.01
3,84,0.01
3,85,0.01
3,86,0.01
3,87,0.01
3,88,0.01
3,89,0.01
3,90,0.01
3,91,0.01
3,92,0.01
3,93,0.01
3,94,0.01
3,95,0.01
3,96,0.01
3,97,0.01
3,98,0.01
3,99,0.01
3,100,0.01
3,101,0.01
3,102,0.01
3,103,0.01
3,104,0.01
3,105,0.01
3,106,0.01
3,107,0.01
3,108,0.01
3,109,0.01
3,110,0.01
3,111,0.01
3,112,0.01
3,113,0.01
3,114,0.01
3,115,0.01
3,116,0.01
3,117,0.01
3,118,0.01
3,119,0.01
3,120,0.01
4,18,0.01
4,19,0.01
4,20,0.01
4,21,0.01
4,22,0.01
4,23,0.01
4,24,0.01
4,25,0.01
4,26,0.01
4,27,0.01
4,28,0.01
4,29,0.01
4,30,0.01
4,31,0.01
4,32,0.01
4,33,0.01
4,34,0.01
4,35,0.01
4,36,0.01
4,37,0.01
4,38,0.01
4,39,0.01
4,40,0.01
4,41,0.01
4,42,0.01
4,43,0.01
4,44,0.01
4,45,0.01
4,46,0.01
4,47,0.01
4,48,0.01
4,49,0.01
4,50,0.01
4,51,0.01
4,52,0.01
4,53,0.01
4,54,0.01
4,55,0.01
4,56,0.01
4,57,0.01
4,58,0.01
4,59,0.01
4,60,0.01
4,61,0.01
4,62,0.01
4,63,0.01
4,64,0.01
4,65,0.01
4,66,0.01
4,67,0.01
4,68,0.01
4,69,0.01
4,70,0.01
4,71,0.01
4,72,0.01
4,73,0.01
4,74,0.01
4,75,0.01
4,76,0.01
4,77,0.01
4,78,0.01
4,79,0.01
4,80,0.01
4,81,0.01
4,82,0.01
4,83,0.01
4,84,0.01
4,85,0.01
4,86,0.01
4,87,0.01
4,88,0.01
4,89,0.01
4,90,0.01
4,91,0.01
4,92,0.01
4,93,0.01
4,94,0.01
4,95,0.01
4,96,0.01
4,97,0.01
4,98,0.01
4,99,0.01
4,100,0.01
4,101,0.01
4,102,0.01
4,103,0.01
4,104,0.01
4,105,0.01
4,106,0.01
4,107,0.01
4,108,0.01
4,109,0.01
4,110,0.01
4,111,0.01
4,112,0.01
4,113,0.01
4,114,0.01
4,115,0.01
4,116,0.01
4,117,0.01
4,118,0.01
4,119,0.01
4,120,0.01
5,18,0.01
5,19,0.01
5,20,0.01
5,21,0.01
5,22,0.01
5,23,0.01
5,24,0.01
5,25,0.01
5,26,0.01
5,27,0.01
5,28,0.01
5,29,0.01
5,30,0.01
5,31,0.01
5,32,0.01
5,33,0.01
5,34,0.01
5,35,0.01
5,36,0.01
5,37,0.01
5,38,0.01
5,39,0.01
5,40,0.01
5,41,0.01
5,42,0.01
5,43,0.01
5,44,0.01
5,45,0.01
5,46,0.01
5,47,0.01
5,48,0.01
5,49,0.01
5,50,0.01
5,51,0.01
5,52,0.01
5,53,0.01
5,54,0.01
5,55,0.01
5,56,0.01
5,57,0.01
5,58,0.01
5,59,0.01
5,60,0.01
5,61,0.01
5,62,0.01
5,63,0.01
5,64,0.01
5,65,0.01
5,66,0.01
5,67,0.01
5,68,0.01
5,69,0.01
5,70,0.01
5,71,0.01
5,72,0.01
5,73,0.01
5,74,0.01
5,75,0.01
5,76,0.01
5,77,0.01
5,78,0.01
5,79,0.01
5,80,0.01
5,81,0.01
5,82,0.01
5,83,0.01
5,84,0.01
5,85,0.01
5,86,0.01
5,87,0.01
5,88,0.01
5,89,0.01
5,90,0.01
5,91,0.01
5,92,0.01
5,93,0.01
5,94,0.01
5,95,0.01
5,96,0.01
5,97,0.01
5,98,0.01
5,99,0.01
5,100,0.01
5,101,0.01
5,102,0.01
5,103,0.01
5,104,0.01
5,105,0.01
5,106,0.01
5,107,0.01
5,108,0.01
5,109,0.01
5,110,0.01
5,111,0.01
5,112,0.01
5,113,0.01
5,114,0.01
5,115,0.01
5,116,0.01
5,117,0.01
5,118,0.01
5,119,0.01
5,120,0.01
6,18,0.01
6,19,0.01
6,20,0.01
6,21,0.01
6,22,0.01
6,23,0.01
6,24,0.01
6,25,0.01
6,26,0.01
6,27,0.01
6,28,0.01
6,29,0.01
6,30,0.01
6,31,0.01
6,32,0.01
6,33,0.01
6,34,0.01
6,35,0.01
6,36,0.01
6,37,0.01
6,38,0.01
6,39,0.01
6,40,0.01
6,41,0.01
6,42,0.01
6,43,0.01
6,44,0.01
6,45,0.01
6,46,0.01
6,47,0.01
6,48,0.01
6,49,0.01
6,50,0.01
6,51,0.01
6,52,0.01
6,53,0.01
6,54,0.01
6,55,0.01
6,56,0.01
6,57,0.01
6,58,0.01
6,59,0.01
6,60,0.01
6,61,0.01
6,62,0.01
6,63,0.01
6,64,0.01
6,65,0.01
6,66,0.01
6,67,0.01
6,68,0.01
6,69,0.01
6,70,0.01
6,71,0.01
6,72,0.01
6,73,0.01
6,74,0.01
6,75,0.01
6,76,0.01
6,77,0.01
6,78,0.01
6,79,0.01
6,80,0.01
6,81,0.01
6,82,0.01
6,83,0.01
6,84,0.01
6,85,0.01
6,86,0.01
6,87,0.01
6,88,0.01
6,89,0.01
6,90,0.01
6,91,0.01
6,92,0.01
6,93,0.01
6,94,0.01
6,95,0.01
6,96,0.01
6,97,0.01
6,98,0.01
6,99,0.01
6,100,0.01
6,101,0.01
6,102,0.01
6,103,0.01
6,104,0.01
6,105,0.01
6,106,0.01
6,107,0.01
6,108,0.01
6,109,0.01
6,110,0.01
6,111,0.01
6,112,0.01
6,113,0.01
6,114,0.01
6,115,0.01
6,116,0.01
6,117,0.01
6,118,0.01
6,119,0.01
6,120,0.01
7,18,0.01
7,19,0.01
7,20,0.01
7,21,0.01
7,22,0.01
7,23,0.01
7,24,0.01
7,25,0.01
7,26,0.01
7,27,0.01
7,28,0.01
7,29,0.01
7,30,0.01
7,31,0.01
7,32,0.01
7,33,0.01
7,34,0.01
7,35,0.01
7,36,0.01
7,37,0.01
7,38,0.01
7,39,0.01
7,40,0.01
7,41,0.01
7,42,0.01
7,43,0.01
7,44,0.01
7,45,0.01
7,46,0.01
7,47,0.01
7,48,0.01
7,49,0.01
7,50,0.01
7,51,0.01
7,52,0.01
7,53,0.01
7,54,0.01
7,55,0.01
7,56,0.01
7,57,0.01
7,58,0.01
7,59,0.01
7,60,0.01
7,61,0.01
7,62,0.01
7,63,0.01
7,64,0.01
7,65,0.01
7,66,0.01
7,67,0.01
7,68,0.01
7,69,0.01
7,70,0.01
7,71,0.01
7,72,0.01
7,73,0.01
7,74,0.01
7,75,0.01
7,76,0.01
7,77,0.01
7,78,0.01
7,79,0.01
7,80,0.01
7,81,0.01
7,82,0.01
7,83,0.01
7,84,0.01
7,85,0.01
7,86,0.01
7,87,0.01
7,88,0.01
7,89,0.01
7,90,0.01
7,91,0.01
7,92,0.01
7,93,0.01
7,94,0.01
7,95,0.01
7,96,0.01
7,97,0.01
7,98,0.01
7,99,0.01
7,100,0.01
7,101,0.01
7,102,0.01
7,103,0.01
7,104,0.01
7,105,0.01
7,106,0.01
7,107,0.01
7,108,0.01
7,109,0.01
7,110,0.01
7,111,0.01
7,112,0.01
7,113,0.01
7,114,0.01
7,115,0.01
7,116,0.01
7,117,0.01
7,118,0.01
7,119,0.01
7,120,0.01
8,18,0.01
8,19,0.01
8,20,0.01
8,21,0.01
8,22,0.01
8,23,0.01
8,24,0.01
8,25,0.01
8,26,0.01
8,27,0.01
8,28,0.01
8,29,0.01
8,30,0.01
8,31,0.01
8,32,0.01
8,33,0.01
8,34,0.01
8,35,0.01
8,36,0.01
8,37,0.01
8,38,0.01
8,39,0.01
8,40,0.01
8,41,0.01
8,42,0.01
8,43,0.01
8,44,0.01
8,45,0.01
8,46,0.01
8,47,0.01
8,48,0.01
8,49,0.01
8,50,0.01
8,51,0.01
8,52,0.01
8,53,0.01
8,54,0.01
8,55,0.01
8,56,0.01
8,57,0.01
8,58,0.01
8,59,0.01
8,60,0.01
8,61,0.01
8,62,0.01
8,63,0.01
8,64,0.01
8,65,0.01
8,66,0.01
8,67,0.01
8,68,0.01
8,69,0.01
8,70,0.01
8,71,0.01
8,72,0.01
8,73,0.01
8,74,0.01
8,75,0.01
8,76,0.01
8,77,0.01
8,78,0.01
8,79,0.01
8,80,0.01
8,81,0.01
8,82,0.01
8,83,0.01
8,84,0.01
8,85,0.01
8,86,0.01
8,87,0.01
8,88,0.01
8,89,0.01
8,90,0.01
8,91,0.01
8,92,0.01
8,93,0.01
8,94,0.01
8,95,0.01
8,96,0.01
8,97,0.01
8,98,0.01
8,99,0.01
8,100,0.01
8,101,0.01
8,102,0.01
8,103,0.01
8,104,0.01
8,105,0.01
8,106,0.01
8,107,0.01
8,108,0.01
8,109,0.01
8,110,0.01
8,111,0.01
8,112,0.01
8,113,0.01
8,114,0.01
8,115,0.01
8,116,0.01
8,117,0.01
8,118,0.01
8,119,0.01
8,120,0.01
9,18,0.01
9,19,0.01
9,20,0.01
9,21,0.01
9,22,0.01
9,23,0.01
9,24,0.01
9,25,0.01
9,26,0.01
9,27,0.01
9,28,0.01
9,29,0.01
9,30,0.01
9,31,0.01
9,32,0.01
9,33,0.01
9,34,0.01
9,35,0.01
9,36,0.01
9,37,0.01
9,38,0.01
9,39,0.01
9,40,0.01
9,41,0.01
9,42,0.01
9,43,0.01
9,44,0.01
9,45,0.01
9,46,0.01
9,47,0.01
9,48,0.01
9,49,0.01
9,50,0.01
9,51,0.01
9,52,0.01
9,53,0.01
9,54,0.01
9,55,0.01
9,56,0.01
9,57,0.01
9,58,0.01
9,59,0.01
9,60,0.01
9,61,0.01
9,62,0.01
9,63,0.01
9,64,0.01
9,65,0.01
9,66,0.01
9,67,0.01
9,68,0.01
9,69,0.01
9,70,0.01
9,71,0.01
9,72,0.01
9,73,0.01
9,74,0.01
9,75,0.01
9,76,0.01
9,77,0.01
9,78,0.01
9,79,0.01
9,80,0.01
9,81,0.01
9,82,0.01
9,83,0.01
9,84,0.01
9,85,0.01
9,86,0.01
9,87,0.01
9,88,0.01
9,89,0.01
9,90,0.01
9,91,0.01
9,92,0.01
9,93,0.01
9,94,0.01
9,95,0.01
9,96,0.01
9,97,0.01
9,98,0.01
9,99,0.01
9,100,0.01
9,101,0.01
9,102,0.01
9,103,0.01
9,104,0.01
9,105,0.01
9,106,0.01
9,107,0.01
9,108,0.01
9,109,0.01
9,110,0.01
9,111,0.01
9,112,0.01
9,113,0.01
9,114,0.01
9,115,0.01
9,116,0.01
9,117,0.01
9,118,0.01
9,119,0.01
9,120,0.01
10,18,0.01
10,19,0.01
10,20,0.01
10,21,0.01
10,22,0.01
10,23,0.01
10,24,0.01
10,25,0.01
10,26,0.01
10,27,0.01
10,28,0.01
10,29,0.01
10,30,0.01
10,31,0.01
10,32,0.01
10,33,0.01
10,34,0.01
10,35,0.01
10,36,0.01
10,37,0.01
10,38,0.01
10,39,0.01
10,40,0.01
10,41,0.01
10,42,0.01
10,43,0.01
10,44,0.01
10,45,0.01
10,46,0.01
10,47,0.01
10,48,0.01
10,49,0.01
10,50,0.01
10,51,0.01
10,52,0.01
10,53,0.01
10,54,0.01
10,55,0.01
10,56,0.01
10,57,0.01
10,58,0.01
10,59,0.01
10,60,0.01
10,61,0.01
10,62,0.01
10,63,0.01
10,64,0.01
10,65,0.01
10,66,0.01
10,67,0.01
10,68,0.01
10,69,0.01
10,70,0.01
10,71,0.01
10,72,0.01
10,73,0.01
10,74,0.01
10,75,0.01
10,76,0.01
10,77,0.01
10,78,0.01
10,79,0.01
10,80,0.01
10,81,0.01
10,82,0.01
10,83,0.01
10,84,0.01
10,85,0.01
10,86,0.01
10,87,0.01
10,88,0.01
10,89,0.01
10,90,0.01
10,91,0.01
10,92,0.01
10,93,0.01
10,94,0.01
10,95,0.01
10,96,0.01
10,97,0.01
10,98,0.01
10,99,0.01
10,100,0.01
10,101,0.01
10,102,0.01
10,103,0.01
10,104,0.01
10,105,0.01
10,106,0.01
10,107,0.01
10,108,0.01
10,109,0.01
10,110,0.01
10,111,0.01
10,112,0.01
10,113,0.01
10,114,0.01
10,115,0.01
10,116,0.01
10,117,0.01
10,118,0.01
10,119,0.01
10,120,0.01
11,18,0.01
11,19,0.01
11,20,0.01
11,21,0.01
11,22,0.01
11,23,0.01
11,24,0.01
11,25,0.01
11,26,0.01
11,27,0.01
11,28,0.01
11,29,0.01
11,30,0.01
11,31,0.01
11,32,0.01
11,33,0.01
11,34,0.01
11,35,0.01
11,36,0.01
11,37,0.01
11,38,0.01
11,39,0.01
11,40,0.01
11,41,0.01
11,42,0.01
11,43,0.01
11,44,0.01
11,45,0.01
11,46,0.01
11,47,0.01
11,48,0.01
11,49,0.01
11,50,0.01
11,51,0.01
11,52,0.01
11,53,0.01
11,54,0.01
11,55,0.01
11,56,0.01
11,57,0.01
11,58,0.01
11,59,0.01
11,60,0.01
11,61,0.01
11,62,0.01
11,63,0.01
11,64,0.01
11,65,0.01
11,66,0.01
11,67,0.01
11,68,0.01
11,69,0.01
11,70,0.01
11,71,0.01
11,72,0.01
11,73,0.01
11,74,0.01
11,75,0.01
11,76,0.01
11,77,0.01
11,78,0.01
11,79,0.01
11,80,0.01
11,81,0.01
11,82,0.01
11,83,0.01
11,84,0.01
11,85,0.01
11,86,0.01
11,87,0.01
11,88,0.01
11,89,0.01
11,90,0.01
11,91,0.01
11,92,0.01
11,93,0.01
11,94,0.01
11,95,0.01
11,96,0.01
11,97,0.01
11,98,0.01
11,99,0.01
11,100,0.01
11,101,0.01
11,102,0.01
11,103,0.01
11,104,0.01
11,105,0.01
11,106,0.01
11,107,0.01
11,108,0.01
11,109,0.01
11,110,0.01
11,111,0.01
11,112,0.01
11,113,0.01
11,114,0.01
11,115,0.01
11,116,0.01
11,117,0.01
11,118,0.01
11,119,0.01
11,120,0.01
12,18,0.01
12,19,0.01
12,20,0.01
12,21,0.01
12,22,0.01
12,23,0.01
12,24,0.01
12,25,0.01
12,26,0.01
12,27,0.01
12,28,0.01
12,29,0.01
12,30,0.01
12,31,0.01
12,32,0.01
12,33,0.01
12,34,0.01
12,35,0.01
12,36,0.01
12,37,0.01
12,38,0.01
12,39,0.01
12,40,0.01
12,41,0.01
12,42,0.01
12,43,0.01
12,44,0.01
12,45,0.01
12,46,0.01
12,47,0.01
12,48,0.01
12,49,0.01
12,50,0.01
12,51,0.01
12,52,0.01
12,53,0.01
12,54,0.01
12,55,0.01
12,56,0.01
12,57,0.01
12,58,0.01
12,59,0.01
12,60,0.01
12,61,0.01
12,62,0.01
12,63,0.01
12,64,0.01
12,65,0.01
12,66,0.01
12,67,0.01
12,68,0.01
12,69,0.01
12,70,0.01
12,71,0.01
12,72,0.01
12,73,0.01
12,74,0.01
12,75,0.01
12,76,0.01
12,77,0.01
12,78,0.01
12,79,0.01
12,80,0.01
12,81,0.01
12,82,0.01
12,83,0.01
12,84,0.01
12,85,0.01
12,86,0.01
12,87,0.01
12,88,0.01
12,89,0.01
12,90,0.01
12,91,0.01
12,92,0.01
12,93,0.01
12,94,0.01
12,95,0.01
12,96,0.01
12,97,0.01
12,98,0.01
12,99,0.01
12,100,0.01
12,101,0.01
12,102,0.01
12,103,0.01
12,104,0.01
12,105,0.01
12,106,0.01
12,107,0.01
12,108,0.01
12,109,0.01
12,110,0.01
12,111,0.01
12,112,0.01
12,113,0.01
12,114,0.01
12,115,0.01
12,116,0.01
12,117,0.01
12,118,0.01
12,119,0.01
12,120,0.01
13,18,0.01
13,19,0.01
13,20,0.01
13,21,0.01
13,22,0.01
13,23,0.01
13,24,0.01
13,25,0.01
13,26,0.01
13,27,0.01
13,28,0.01
13,29,0.01
13,30,0.01
13,31,0.01
13,32,0.01
13,33,0.01
13,34,0.01
13,35,0.01
13,36,0.01
13,37,0.01
13,38,0.01
13,39,0.01
13,40,0.01
13,41,0.01
13,42,0.01
13,43,0.01
13,44,0.01
13,45,0.01
13,46,0.01
13,47,0.01
13,48,0.01
13,49,0.01
13,50,0.01
13,51,0.01
13,52,0.01
13,53,0.01
13,54,0.01
13,55,0.01
13,56,0.01
13,57,0.01
13,58,0.01
13,59,0.01
13,60,0.01
13,61,0.01
13,62,0.01
13,63,0.01
13,64,0.01
13,65,0.01
13,66,0.01
13,67,0.01
13,68,0.01
13,69,0.01
13,70,0.01
13,71,0.01
13,72,0.01
13,73,0.01
13,74,0.01
13,75,0.01
13,76,0.01
13,77,0.01
13,78,0.01
13,79,0.01
13,80,0.01
13,81,0.01
13,82,0.01
13,83,0.01
13,84,0.01
13,85,0.01
13,86,0.01
13,87,0.01
13,88,0.01
13,89,0.01
13,90,0.01
13,91,0.01
13,92,0.01
13,93,0.01
13,94,0.01
13,95,0.01
13,96,0.01
13,97,0.01
13,98,0.01
13,99,0.01
13,100,0.01
13,101,0.01
13,102,0.01
13,103,0.01
13,104,0.01
13,105,0.01
13,106,0.01
13,107,0.01
13,108,0.01
13,109,0.01
13,110,0.01
13,111,0.01
13,112,0.01
13,113,0.01
13,114,0.01
13,115,0.01
13,116,0.01
13,117,0.01
13,118,0.01
13,119,0.01
13,120,0.01
14,18,0.01
14,19,0.01
14,20,0.01
14,21,0.01
14,22,0.01
14,23,0.01
14,24,0.01
14,25,0.01
14,26,0.01
14,27,0.01
14,28,0.01
14,29,0.01
14,30,0.01
14,31,0.01
14,32,0.01
14,33,0.01
14,34,0.01
14,35,0.01
14,36,0.01
14,37,0.01
14,38,0.01
14,39,0.01
14,40,0.01
14,41,0.01
14,42,0.01
14,43,0.01
14,44,0.01
14,45,0.01
14,46,0.01
14,47,0.01
14,48,0.01
14,49,0.01
14,50,0.01
14,51,0.01
14,52,0.01
14,53,0.01
14,54,0.01
14,55,0.01
14,56,0.01
14,57,0.01
14,58,0.01
14,59,0.01
14,60,0.01
14,61,0.01
14,62,0.01
14,63,0.01
14,64,0.01
14,65,0.01
14,66,0.01
14,67,0.01
14,68,0.01
14,69,0.01
14,70,0.01
14,71,0.01
14,72,0.01
14,73,0.01
14,74,0.01
14,75,0.01
14,76,0.01
14,77,0.01
14,78,0.01
14,79,0.01
14,80,0.01
14,81,0.01
14,82,0.01
14,83,0.01
14,84,0.01
14,85,0.01
14,86,0.01
14,87,0.01
14,88,0.01
14,89,0.01
14,90,0.01
14,91,0.01
14,92,0.01
14,93,0.01
14,94,0.01
14,95,0.01
14,96,0.01
14,97,0.01
14,98,0.01
14,99,0.01
14,100,0.01
14,101,0.01
14,102,0.01
14,103,0.01
14,104,0.01
14,105,0.01
14,106,0.01
14,107,0.01
14,108,0.01
14,109,0.01
14,110,0.01
14,111,0.01
14,112,0.01
14,113,0.01
14,114,0.01
14,115,0.01
14,116,0.01
14,117,0.01
14,118,0.01
14,119,0.01
14,120,0.01
15,18,0.01
15,19,0.01
15,20,0.01
15,21,0.01
15,22,0.01
15,23,0.01
15,24,0.01
15,25,0.01
15,26,0.01
15,27,0.01
15,28,0.01
15,29,0.01
15,30,0.01
15,31,0.01
15,32,0.01
15,33,0.01
15,34,0.01
15,35,0.01
15,36,0.01
15,37,0.01
15,38,0.01
15,39,0.01
15,40,0.01
15,41,0.01
15,42,0.01
15,43,0.01
15,44,0.01
15,45,0.01
15,46,0.01
15,47,0.01
15,48,0.01
15,49,0.01
15,50,0.01
15,51,0.01
15,52,0.01
15,53,0.01
15,54,0.01
15,55,0.01
15,56,0.01
15,57,0.01
15,58,0.01
15,59,0.01
15,60,0.01
15,61,0.01
15,62,0.01
15,63,0.01
15,64,0.01
15,65,0.01
15,66,0.01
15,67,0.01
15,68,0.01
15,69,0.01
15,70,0.01
15,71,0.01
15,72,0.01
15,73,0.01
15,74,0.01
15,75,0.01
15,76,0.01
15,77,0.01
15,78,0.01
15,79,0.01
15,80,0.01
15,81,0.01
15,82,0.01
15,83,0.01
15,84,0.01
15,85,0.01
15,86,0.01
15,87,0.01
15,88,0.01
15,89,0.01
15,90,0.01
15,91,0.01
15,92,0.01
15,93,0.01
15,94,0.01
15,95,0.01
15,96,0.01
15,97,0.01
15,98,0.01
15,99,0.01
15,100,0.01
15,101,0.01
15,102,0.01
15,103,0.01
15,104,0.01
15,105,0.01
15,106,0.01
15,107,0.01
15,108,0.01
15,109,0.01
15,110,0.01
15,111,0.01
15,112,0.01
15,113,0.01
15,114,0.01
15,115,0.01
15,116,0.01
15,117,0.01
15,118,0.01
15,119,0.01
15,120,0.01
16,18,0.01
16,19,0.01
16,20,0.01
16,21,0.01
16,22,0.01
16,23,0.01
16,24,0.01
16,25,0.01
16,26,0.01
16,27,0.01
16,28,0.01
16,29,0.01
16,30,0.01
16,31,0.01
16,32,0.01
16,33,0.01
16,34,0.01
16,35,0.01
16,36,0.01
16,37,0.01
16,38,0.01
16,39,0.01
16,40,0.01
16,41,0.01
16,42,0.01
16,43,0.01
16,44,0.01
16,45,0.01
16,46,0.01
16,47,0.01
16,48,0.01
16,49,0.01
16,50,0.01
16,51,0.01
16,52,0.01
16,53,0.01
16,54,0.01
16,55,0.01
16,56,0.01
16,57,0.01
16,58,0.01
16,59,0.01
16,60,0.01
16,61,0.01
16,62,0.01
16,63,0.01
16,64,0.01
16,65,0.01
16,66,0.01
16,67,0.01
16,68,0.01
16,69,0.01
16,70,0.01
16,71,0.01
16,72,0.01
16,73,0.01
16,74,0.01
16,75,0.01
16,76,0.01
16,77,0.01
16,78,0.01
16,79,0.01
16,80,0.01
16,81,0.01
16,82,0.01
16,83,0.01
16,84,0.01
16,85,0.01
16,86,0.01
16,87,0.01
16,88,0.01
16,89,0.01
16,90,0.01
16,91,0.01
16,92,0.01
16,93,0.01
16,94,0.01
16,95,0.01
16,96,0.01
16,97,0.01
16,98,0.01
16,99,0.01
16,100,0.01
16,101,0.01
16,102,0.01
16,103,0.01
16,104,0.01
16,105,0.01
16,106,0.01
16,107,0.01
16,108,0.01
16,109,0.01
16,110,0.01
16,111,0.01
16,112,0.01
16,113,0.01
16,114,0.01
16,115,0.01
16,116,0.01
16,117,0.01
16,118,0.01
16,119,0.01
16,120,0.01
17,18,0.01
17,19,0.01
17,20,0.01
17,21,0.01
17,22,0.01
17,23,0.01
17,24,0.01
17,25,0.01
17,26,0.01
17,27,0.01
17,28,0.01
17,29,0.01
17,30,0.01
17,31,0.01
17,32,0.01
17,33,0.01
17,34,0.01
17,35,0.01
17,36,0.01
17,37,0.01
17,38,0.01
17,39,0.01
17,40,0.01
17,41,0.01
17,42,0.01
17,43,0.01
17,44,0.01
17,45,0.01
17,46,0.01
17,47,0.01
17,48,0.01
17,49,0.01
17,50,0.01
17,51,0.01
17,52,0.01
17,53,0.01
17,54,0.01
17,55,0.01
17,56,0.01
17,57,0.01
17,58,0.01
17,59,0.01
17,60,0.01
17,61,0.01
17,62,0.01
17,63,0.01
17,64,0.01
17,65,0.01
17,66,0.01
17,67,0.01
17,68,0.01
17,69,0.01
17,70,0.01
17,71,0.01
17,72,0.01
17,73,0.01
17,74,0.01
17,75,0.01
17,76,0.01
17,77,0.01
17,78,0.01
17,79,0.01
17,80,0.01
17,81,0.01
17,82,0.01
17,83,0.01
17,84,0.01
17,85,0.01
17,86,0.01
17,87,0.01
17,88,0.01
17,89,0.01
17,90,0.01
17,91,0.01
17,92,0.01
17,93,0.01
17,94,0.01
17,95,0.01
17,96,0.01
17,97,0.01
17,98,0.01
17,99,0.01
17,100,0.01
17,101,0.01
17,102,0.01
17,103,0.01
17,104,0.01
17,105,0.01
17,106,0.01
17,107,0.01
17,108,0.01
17,109,0.01
17,110,0.01
17,111,0.01
17,112,0.01
17,113,0.01
17,114,0.01
17,115,0.01
17,116,0.01
17,117,0.01
17,118,0.01
17,119,0.01
17,120,0.01
18,18,0.01
18,19,0.01
18,20,0.01
18,21,0.01
18,22,0.01
18,23,0.01
18,24,0.01
18,25,0.01
18,26,0.01
18,27,0.01
18,28,0.01
18,29,0.01
18,30,0.01
18,31,0.01
18,32,0.01
18,33,0.01
18,34,0.01
18,35,0.01
18,36,0.01
18,37,0.01
18,38,0.01
18,39,0.01
18,40,0.01
18,41,0.01
18,42,0.01
18,43,0.01
18,44,0.01
18,45,0.01
18,46,0.01
18,47,0.01
18,48,0.01
18,49,0.01
18,50,0.01
18,51,0.01
18,52,0.01
18,53,0.01
18,54,0.01
18,55,0.01
18,56,0.01
18,57,0.01
18,58,0.01
18,59,0.01
18,60,0.01
18,61,0.01
18,62,0.01
18,63,0.01
18,64,0.01
18,65,0.01
18,66,0.01
18,67,0.01
18,68,0.01
18,69,0.01
18,70,0.01
18,71,0.01
18,72,0.01
18,73,0.01
18,74,0.01
18,75,0.01
18,76,0.01
18,77,0.01
18,78,0.01
18,79,0.01
18,80,0.01
18,81,0.01
18,82,0.01
18,83,0.01
18,84,0.01
18,85,0.01
18,86,0.01
18,87,0.01
18,88,0.01
18,89,0.01
18,90,0.01
18,91,0.01
18,92,0.01
18,93,0.01
18,94,0.01
18,95,0.01
18,96,0.01
18,97,0.01
18,98,0.01
18,99,0.01
18,100,0.01
18,101,0.01
18,102,0.01
18,103,0.01
18,104,0.01
18,105,0.01
18,106,0.01
18,107,0.01
18,108,0.01
18,109,0.01
18,110,0.01
18,111,0.01
18,112,0.01
18,113,0.01
18,114,0.01
18,115,0.01
18,116,0.01
18,117,0.01
18,118,0.01
18,119,0.01
18,120,0.01
19,18,0.01
19,19,0.01
19,20,0.01
19,21,0.01
19,22,0.01
19,23,0.01
19,24,0.01
19,25,0.01
19,26,0.01
19,27,0.01
19,28,0.01
19,29,0.01
19,30,0.01
19,31,0.01
19,32,0.01
19,33,0.01
19,34,0.01
19,35,0.01
19,36,0.01
19,37,0.01
19,38,0.01
19,39,0.01
19,40,0.01
19,41,0.01
19,42,0.01
19,43,0.01
19,44,0.01
19,45,0.01
19,46,0.01
19,47,0.01
19,48,0.01
19,49,0.01
19,50,0.01
19,51,0.01
19,52,0.01
19,53,0.01
19,54,0.01
19,55,0.01
19,56,0.01
19,57,0.01
19,58,0.01
19,59,0.01
19,60,0.01
19,61,0.01
19,62,0.01
19,63,0.01
19,64,0.01
19,65,0.01
19,66,0.01
19,67,0.01
19,68,0.01
19,69,0.01
19,70,0.01
19,71,0.01
19,72,0.01
19,73,0.01
19,74,0.01
19,75,0.01
19,76,0.01
19,77,0.01
19,78,0.01
19,79,0.01
19,80,0.01
19,81,0.01
19,82,0.01
19,83,0.01
19,84,0.01
19,85,0.01
19,86,0.01
19,87,0.01
19,88,0.01
19,89,0.01
19,90,0.01
19,91,0.01
19,92,0.01
19,93,0.01
19,94,0.01
19,95,0.01
19,96,0.01
19,97,0.01
19,98,0.01
19,99,0.01
19,100,0.01
19,101,0.01
19,102,0.01
19,103,0.01
19,104,0.01
19,105,0.01
19,106,0.01
19,107,0.01
19,108,0.01
19,109,0.01
19,110,0.01
19,111,0.01
19,112,0.01
19,113,0.01
19,114,0.01
19,115,0.01
19,116,0.01
19,117,0.01
19,118,0.01
19,119,0.01
19,120,0.01
20,18,0.01
20,19,0.01
20,20,0.01
20,21,0.01
20,22,0.01
20,23,0.01
20,24,0.01
20,25,0.01
20,26,0.01
20,27,0.01
20,28,0.01
20,29,0.01
20,30,0.01
20,31,0.01
20,32,0.01
20,33,0.01
20,34,0.01
20,35,0.01
20,36,0.01
20,37,0.01
20,38,0.01
20,39,0.01
20,40,0.01
20,41,0.01
20,42,0.01
20,43,0.01
20,44,0.01
20,45,0.01
20,46,0.01
20,47,0.01
20,48,0.01
20,49,0.01
20,50,0.01
20,51,0.01
20,52,0.01
20,53,0.01
20,54,0.01
20,55,0.01
20,56,0.01
20,57,0.01
20,58,0.01
20,59,0.01
20,60,0.01
20,61,0.01
20,62,0.01
20,63,0.01
20,64,0.01
20,65,0.01
20,66,0.01
20,67,0.01
20,68,0.01
20,69,0.01
20,70,0.01
20,71,0.01
20,72,0.01
20,73,0.01
20,74,0.01
20,75,0.01
20,76,0.01
20,77,0.01
20,78,0.01
20,79,0.01
20,80,0.01
20,81,0.01
20,82,0.01
20,83,0.01
20,84,0.01
20,85,0.01
20,86,0.01
20,87,0.01
20,88,0.01
20,89,0.01
20,90,0.01
20,91,0.01
20,92,0.01
20,93,0.01
20,94,0.01
20,95,0.01
20,96,0.01
20,97,0.01
20,98,0.01
20,99,0.01
20,100,0.01
20,101,0.01
20,102,0.01
20,103,0.01
20,104,0.01
20,105,0.01
20,106,0.01
20,107,0.01
20,108,0.01
20,109,0.01
20,110,0.01
20,111,0.01
20,112,0.01
20,113,0.01
20,114,0.01
20,115,0.01
20,116,0.01
20,117,0.01
20,118,0.01
20,119,0.01
20,120,0.01
21,18,0.01
21,19,0.01
21,20,0.01
21,21,0.01
21,22,0.01
21,23,0.01
21,24,0.01
21,25,0.01
21,26,0.01
21,27,0.01
21,28,0.01
21,29,0.01
21,30,0.01
21,31,0.01
21,32,0.01
21,33,0.01
21,34,0.01
21,35,0.01
21,36,0.01
21,37,0.01
21,38,0.01
21,39,0.01
21,40,0.01
21,41,0.01
21,42,0.01
21,43,0.01
21,44,0.01
21,45,0.01
21,46,0.01
21,47,0.01
21,48,0.01
21,49,0.01
21,50,0.01
21,51,0.01
21,52,0.01
21,53,0.01
21,54,0.01
21,55,0.01
21,56,0.01
21,57,0.01
21,58,0.01
21,59,0.01
21,60,0.01
21,61,0.01
21,62,0.01
21,63,0.01
21,64,0.01
21,65,0.01
21,66,0.01
21,67,0.01
21,68,0.01
21,69,0.01
21,70,0.01
21,71,0.01
21,72,0.01
21,73,0.01
21,74,0.01
21,75,0.01
21,76,0.01
21,77,0.01
21,78,0.01
21,79,0.01
21,80,0.01
21,81,0.01
21,82,0.01
21,83,0.01
21,84,0.01
21,85,0.01
21,86,0.01
21,87,0.01
21,88,0.01
21,89,0.01
21,90,0.01
21,91,0.01
21,92,0.01
21,93,0.01
21,94,0.01
21,95,0.01
21,96,0.01
21,97,0.01
21,98,0.01
21,99,0.01
21,100,0.01
21,101,0.01
21,102,0.01
21,103,0.01
21,104,0.01
21,105,0.01
21,106,0.01
21,107,0.01
21,108,0.01
21,109,0.01
21,110,0.01
21,111,0.01
21,112,0.01
21,113,0.01
21,114,0.01
21,115,0.01
21,116,0.01
21,117,0.01
21,118,0.01
21,119,0.01
21,120,0.01
22,18,0.01
22,19,0.01
22,20,0.01
22,21,0.01
22,22,0.01
22,23,0.01
22,24,0.01
22,25,0.01
22,26,0.01
22,27,0.01
22,28,0.01
22,29,0.01
22,30,0.01
22,31,0.01
22,32,0.01
22,33,0.01
22,34,0.01
22,35,0.01
22,36,0.01
22,37,0.01
22,38,0.01
22,39,0.01
22,40,0.01
22,41,0.01
22,42,0.01
22,43,0.01
22,44,0.01
22,45,0.01
22,46,0.01
22,47,0.01
22,48,0.01
22,49,0.01
22,50,0.01
22,51,0.01
22,52,0.01
22,53,0.01
22,54,0.01
22,55,0.01
22,56,0.01
22,57,0.01
22,58,0.01
22,59,0.01
22,60,0.01
22,61,0.01
22,62,0.01
22,63,0.01
22,64,0.01
22,65,0.01
22,66,0.01
22,67,0.01
22,68,0.01
22,69,0.01
22,70,0.01
22,71,0.01
22,72,0.01
22,73,0.01
22,74,0.01
22,75,0.01
22,76,0.01
22,77,0.01
22,78,0.01
22,79,0.01
22,80,0.01
22,81,0.01
22,82,0.01
22,83,0.01
22,84,0.01
22,85,0.01
22,86,0.01
22,87,0.01
22,88,0.01
22,89,0.01
22,90,0.01
22,91,0.01
22,92,0.01
22,93,0.01
22,94,0.01
22,95,0.01
22,96,0.01
22,97,0.01
22,98,0.01
22,99,0.01
22,100,0.01
22,101,0.01
22,102,0.01
22,103,0.01
22,104,0.01
22,105,0.01
22,106,0.01
22,107,0.01
22,108,0.01
22,109,0.01
22,110,0.01
22,111,0.01
22,112,0.01
22,113,0.01
22,114,0.01
22,115,0.01
22,116,0.01
22,117,0.01
22,118,0.01
22,119,0.01
22,120,0.01
23,18,0.01
23,19,0.01
23,20,0.01
23,21,0.01
23,22,0.01
23,23,0.01
23,24,0.01
23,25,0.01
23,26,0.01
23,27,0.01
23,28,0.01
23,29,0.01
23,30,0.01
23,31,0.01
23,32,0.01
23,33,0.01
23,34,0.01
23,35,0.01
23,36,0.01
23,37,0.01
23,38,0.01
23,39,0.01
23,40,0.01
23,41,0.01
23,42,0.01
23,43,0.01
23,44,0.01
23,45,0.01
23,46,0.01
23,47,0.01
23,48,0.01
23,49,0.01
23,50,0.01
23,51,0.01
23,52,0.01
23,53,0.01
23,54,0.01
23,55,0.01
23,56,0.01
23,57,0.01
23,58,0.01
23,59,0.01
23,60,0.01
23,61,0.01
23,62,0.01
23,63,0.01
23,64,0.01
23,65,0.01
23,66,0.01
23,67,0.01
23,68,0.01
23,69,0.01
23,70,0.01
23,71,0.01
23,72,0.01
23,73,0.01
23,74,0.01
23,75,0.01
23,76,0.01
23,77,0.01
23,78,0.01
23,79,0.01
23,80,0.01
23,81,0.01
23,82,0.01
23,83,0.01
23,84,0.01
23,85,0.01
23,86,0.01
23,87,0.01
23,88,0.01
23,89,0.01
23,90,0.01
23,91,0.01
23,92,0.01
23,93,0.01
23,94,0.01
23,95,0.01
23,96,0.01
23,97,0.01
23,98,0.01
23,99,0.01
23,100,0.01
23,101,0.01
23,102,0.01
23,103,0.01
23,104,0.01
23,105,0.01
23,106,0.01
23,107,0.01
23,108,0.01
23,109,0.01
23,110,0.01
23,111,0.01
23,112,0.01
23,113,0.01
23,114,0.01
23,115,0.01
23,116,0.01
23,117,0.01
23,118,0.01
23,119,0.01
23,120,0.01
24,18,0.01
24,19,0.01
24,20,0.01
24,21,0.01
24,22,0.01
24,23,0.01
24,24,0.01
24,25,0.01
24,26,0.01
24,27,0.01
24,28,0.01
24,29,0.01
24,30,0.01
24,31,0.01
24,32,0.01
24,33,0.01
24,34,0.01
24,35,0.01
24,36,0.01
24,37,0.01
24,38,0.01
24,39,0.01
24,40,0.01
24,41,0.01
24,42,0.01
24,43,0.01
24,44,0.01
24,45,0.01
24,46,0.01
24,47,0.01
24,48,0.01
24,49,0.01
24,50,0.01
24,51,0.01
24,52,0.01
24,53,0.01
24,54,0.01
24,55,0.01
24,56,0.01
24,57,0.01
24,58,0.01
24,59,0.01
24,60,0.01
24,61,0.01
24,62,0.01
24,63,0.01
24,64,0.01
24,65,0.01
24,66,0.01
24,67,0.01
24,68,0.01
24,69,0.01
24,70,0.01
24,71,0.01
24,72,0.01
24,73,0.01
24,74,0.01
24,75,0.01
24,76,0.01
24,77,0.01
24,78,0.01
24,79,0.01
24,80,0.01
24,81,0.01
24,82,0.01
24,83,0.01
24,84,0.01
24,85,0.01
24,86,0.01
24,87,0.01
24,88,0.01
24,89,0.01
24,90,0.01
24,91,0.01
24,92,0.01
24,93,0.01
24,94,0.01
24,95,0.01
24,96,0.01
24,97,0.01
24,98,0.01
24,99,0.01
24,100,0.01
24,101,0.01
24,102,0.01
24,103,0.01
24,104,0.01
24,105,0.01
24,106,0.01
24,107,0.01
24,108,0.01
24,109,0.01
24,110,0.01
24,111,0.01
24,112,0.01
24,113,0.01
24,114,0.01
24,115,0.01
24,116,0.01
24,117,0.01
24,118,0.01
24,119,0.01
24,120,0.01
25,18,0.01
25,19,0.01
25,20,0.01
25,21,0.01
25,22,0.01
25,23,0.01
25,24,0.01
25,25,0.01
25,26,0.01
25,27,0.01
25,28,0.01
25,29,0.01
25,30,0.01
25,31,0.01
25,32,0.01
25,33,0.01
25,34,0.01
25,35,0.01
25,36,0.01
25,37,0.01
25,38,0.01
25,39,0.01
25,40,0.01
25,41,0.01
25,42,0.01
25,43,0.01
25,44,0.01
25,45,0.01
25,46,0.01
25,47,0.01
25,48,0.01
25,49,0.01
25,50,0.01
25,51,0.01
25,52,0.01
25,53,0.01
25,54,0.01
25,55,0.01
25,56,0.01
25,57,0.01
25,58,0.01
25,59,0.01
25,60,0.01
25,61,0.01
25,62,0.01
25,63,0.01
25,64,0.01
25,65,0.01
25,66,0.01
25,67,0.01
25,68,0.01
25,69,0.01
25,70,0.01
25,71,0.01
25,72,0.01
25,73,0.01
25,74,0.01
25,75,0.01
25,76,0.01
25,77,0.01
25,78,0.01
25,79,0.01
25,80,0.01
25,81,0.01
25,82,0.01
25,83,0.01
25,84,0.01
25,85,0.01
25,86,0.01
25,87,0.01
25,88,0.01
25,89,0.01
25,90,0.01
25,91,0.01
25,92,0.01
25,93,0.01
25,94,0.01
25,95,0.01
25,96,0.01
25,97,0.01
25,98,0.01
25,99,0.01
25,100,0.01
25,101,0.01
25,102,0.01
25,103,0.01
25,104,0.01
25,105,0.01
25,106,0.01
25,107,0.01
25,108,0.01
25,109,0.01
25,110,0.01
25,111,0.01
25,112,0.01
25,113,0.01
25,114,0.01
25,115,0.01
25,116,0.01
25,117,0.01
25,118,0.01
25,119,0.01
25,120,0.01
26,18,0.01
26,19,0.01
26,20,0.01
26,21,0.01
26,22,0.01
26,23,0.01
26,24,0.01
26,25,0.01
26,26,0.01
26,27,0.01
26,28,0.01
26,29,0.01
26,30,0.01
26,31,0.01
26,32,0.01
26,33,0.01
26,34,0.01
26,35,0.01
26,36,0.01
26,37,0.01
26,38,0.01
26,39,0.01
26,40,0.01
26,41,0.01
26,42,0.01
26,43,0.01
26,44,0.01
26,45,0.01
26,46,0.01
26,47,0.01
26,48,0.01
26,49,0.01
26,50,0.01
26,51,0.01
26,52,0.01
26,53,0.01
26,54,0.01
26,55,0.01
26,56,0.01
26,57,0.01
26,58,0.01
26,59,0.01
26,60,0.01
26,61,0.01
26,62,0.01
26,63,0.01
26,64,0.01
26,65,0.01
26,66,0.01
26,67,0.01
26,68,0.01
26,69,0.01
26,70,0.01
26,71,0.01
26,72,0.01
26,73,0.01
26,74,0.01
26,75,0.01
26,76,0.01
26,77,0.01
26,78,0.01
26,79,0.01
26,80,0.01
26,81,0.01
26,82,0.01
26,83,0.01
26,84,0.01
26,85,0.01
26,86,0.01
26,87,0.01
26,88,0.01
26,89,0.01
26,90,0.01
26,91,0.01
26,92,0.01
26,93,0.01
26,94,0.01
26,95,0.01
26,96,0.01
26,97,0.01
26,98,0.01
26,99,0.01
26,100,0.01
26,101,0.01
26,102,0.01
26,103,0.01
26,104,0.01
26,105,0.01
26,106,0.01
26,107,0.01
26,108,0.01
26,109,0.01
26,110,0.01
26,111,0.01
26,112,0.01
26,113,0.01
26,114,0.01
26,115,0.01
26,116,0.01
26,117,0.01
26,118,0.01
26,119,0.01
26,120,0.01
27,18,0.01
27,19,0.01
27,20,0.01
27,21,0.01
27,22,0.01
27,23,0.01
27,24,0.01
27,25,0.01
27,26,0.01
27,27,0.01
27,28,0.01
27,29,0.01
27,30,0.01
27,31,0.01
27,32,0.01
27,33,0.01
27,34,0.01
27,35,0.01
27,36,0.01
27,37,0.01
27,38,0.01
27,39,0.01
27,40,0.01
27,41,0.01
27,42,0.01
27,43,0.01
27,44,0.01
27,45,0.01
27,46,0.01
27,47,0.01
27,48,0.01
27,49,0.01
27,50,0.01
27,51,0.01
27,52,0.01
27,53,0.01
27,54,0.01
27,55,0.01
27,56,0.01
27,57,0.01
27,58,0.01
27,59,0.01
27,60,0.01
27,61,0.01
27,62,0.01
27,63,0.01
27,64,0.01
27,65,0.01
27,66,0.01
27,67,0.01
27,68,0.01
27,69,0.01
27,70,0.01
27,71,0.01
27,72,0.01
27,73,0.01
27,74,0.01
27,75,0.01
27,76,0.01
27,77,0.01
27,78,0.01
27,79,0.01
27,80,0.01
27,81,0.01
27,82,0.01
27,83,0.01
27,84,0.01
27,85,0.01
27,86,0.01
27,87,0.01
27,88,0.01
27,89,0.01
27,90,0.01
27,91,0.01
27,92,0.01
27,93,0.01
27,94,0.01
27,95,0.01
27,96,0.01
27,97,0.01
27,98,0.01
27,99,0.01
27,100,0.01
27,101,0.01
27,102,0.01
27,103,0.01
27,104,0.01
27,105,0.01
27,106,0.01
27,107,0.01
27,108,0.01
27,109,0.01
27,110,0.01
27,111,0.01
27,112,0.01
27,113,0.01
27,114,0.01
27,115,0.01
27,116,0.01
27,117,0.01
27,118,0.01
27,119,0.01
27,120,0.01
28,18,0.01
28,19,0.01
28,20,0.01
28,21,0.01
28,22,0.01
28,23,0.01
28,24,0.01
28,25,0.01
28,26,0.01
28,27,0.01
28,28,0.01
28,29,0.01
28,30,0.01
28,31,0.01
28,32,0.01
28,33,0.01
28,34,0.01
28,35,0.01
28,36,0.01
28,37,0.01
28,38,0.01
28,39,0.01
28,40,0.01
28,41,0.01
28,42,0.01
28,43,0.01
28,44,0.01
28,45,0.01
28,46,0.01
28,47,0.01
28,48,0.01
28,49,0.01
28,50,0.01
28,51,0.01
28,52,0.01
28,53,0.01
28,54,0.01
28,55,0.01
28,56,0.01
28,57,0.01
28,58,0.01
28,59,0.01
28,60,0.01
28,61,0.01
28,62,0.01
28,63,0.01
28,64,0.01
28,65,0.01
28,66,0.01
28,67,0.01
28,68,0.01
28,69,0.01
28,70,0.01
28,71,0.01
28,72,0.01
28,73,0.01
28,74,0.01
28,75,0.01
28,76,0.01
28,77,0.01
28,78,0.01
28,79,0.01
28,80,0.01
28,81,0.01
28,82,0.01
28,83,0.01
28,84,0.01
28,85,0.01
28,86,0.01
28,87,0.01
28,88,0.01
28,89,0.01
28,90,0.01
28,91,0.01
28,92,0.01
28,93,0.01
28,94,0.01
28,95,0.01
28,96,0.01
28,97,0.01
28,98,0.01
28,99,0.01
28,100,0.01
28,101,0.01
28,102,0.01
28,103,0.01
28,104,0.01
28,105,0.01
28,106,0.01
28,107,0.01
28,108,0.01
28,109,0.01
28,110,0.01
28,111,0.01
28,112,0.01
28,113,0.01
28,114,0.01
28,115,0.01
28,116,0.01
28,117,0.01
28,118,0.01
28,119,0.01
28,120,0.01
29,18,0.01
29,19,0.01
29,20,0.01
29,21,0.01
29,22,0.01
29,23,0.01
29,24,0.01
29,25,0.01
29,26,0.01
29,27,0.01
29,28,0.01
29,29,0.01
29,30,0.01
29,31,0.01
29,32,0.01
29,33,0.01
29,34,0.01
29,35,0.01
29,36,0.01
29,37,0.01
29,38,0.01
29,39,0.01
29,40,0.01
29,41,0.01
29,42,0.01
29,43,0.01
29,44,0.01
29,45,0.01
29,46,0.01
29,47,0.01
29,48,0.01
29,49,0.01
29,50,0.01
29,51,0.01
29,52,0.01
29,53,0.01
29,54,0.01
29,55,0.01
29,56,0.01
29,57,0.01
29,58,0.01
29,59,0.01
29,60,0.01
29,61,0.01
29,62,0.01
29,63,0.01
29,64,0.01
29,65,0.01
29,66,0.01
29,67,0.01
29,68,0.01
29,69,0.01
29,70,0.01
29,71,0.01
29,72,0.01
29,73,0.01
29,74,0.01
29,75,0.01
29,76,0.01
29,77,0.01
29,78,0.01
29,79,0.01
29,80,0.01
29,81,0.01
29,82,0.01
29,83,0.01
29,84,0.01
29,85,0.01
29,86,0.01
29,87,0.01
29,88,0.01
29,89,0.01
29,90,0.01
29,91,0.01
29,92,0.01
29,93,0.01
29,94,0.01
29,95,0.01
29,96,0.01
29,97,0.01
29,98,0.01
29,99,0.01
29,100,0.01
29,101,0.01
29,102,0.01
29,103,0.01
29,104,0.01
29,105,0.01
29,106,0.01
29,107,0.01
29,108,0.01
29,109,0.01
29,110,0.01
29,111,0.01
29,112,0.01
29,113,0.01
29,114,0.01
29,115,0.01
29,116,0.01
29,117,0.01
29,118,0.01
29,119,0.01
29,120,0.01
30,18,0.01
30,19,0.01
30,20,0.01
30,21,0.01
30,22,0.01
30,23,0.01
30,24,0.01
30,25,0.01
30,26,0.01
30,27,0.01
30,28,0.01
30,29,0.01
30,30,0.01
30,31,0.01
30,32,0.01
30,33,0.01
30,34,0.01
30,35,0.01
30,36,0.01
30,37,0.01
30,38,0.01
30,39,0.01
30,40,0.01
30,41,0.01
30,42,0.01
30,43,0.01
30,44,0.01
30,45,0.01
30,46,0.01
30,47,0.01
30,48,0.01
30,49,0.01
30,50,0.01
30,51,0.01
30,52,0.01
30,53,0.01
30,54,0.01
30,55,0.01
30,56,0.01
30,57,0.01
30,58,0.01
30,59,0.01
30,60,0.01
30,61,0.01
30,62,0.01
30,63,0.01
30,64,0.01
30,65,0.01
30,66,0.01
30,67,0.01
30,68,0.01
30,69,0.01
30,70,0.01
30,71,0.01
30,72,0.01
30,73,0.01
30,74,0.01
30,75,0.01
30,76,0.01
30,77,0.01
30,78,0.01
30,79,0.01
30,80,0.01
30,81,0.01
30,82,0.01
30,83,0.01
30,84,0.01
30,85,0.01
30,86,0.01
30,87,0.01
30,88,0.01
30,89,0.01
30,90,0.01
30,91,0.01
30,92,0.01
30,93,0.01
30,94,0.01
30,95,0.01
30,96,0.01
30,97,0.01
30,98,0.01
30,99,0.01
30,100,0.01
30,101,0.01
30,102,0.01
30,103,0.01
30,104,0.01
30,105,0.01
30,106,0.01
30,107,0.01
30,108,0.01
30,109,0.01
30,110,0.01
30,111,0.01
30,112,0.01
30,113,0.01
30,114,0.01
30,115,0.01
30,116,0.01
30,117,0.01
30,118,0.01
30,119,0.01
30,120,0.01
